adm2,week_start,B.1.1.7_sequences,other_sequences,proportion_sequences_B.1.1.7
ABERDEEN,2021-01-10,8,0,1
ABERDEEN,2021-01-03,10,6,0.625
ABERDEEN,2020-12-20,1,8,0.1111111111111111
ABERDEEN,2020-12-13,13,3,0.8125
ABERDEEN,2020-12-06,1,8,0.1111111111111111
ABERDEEN,2020-11-29,0,1,0
ABERDEEN,2020-10-04,0,2,0
ABERDEEN,2020-11-15,0,1,0
ABERDEEN,2020-11-08,0,2,0
ABERDEEN,2020-10-18,0,6,0
ABERDEEN,2020-11-01,0,1,0
ABERDEEN,2020-10-11,0,2,0
ABERDEEN,2020-09-20,0,8,0
ABERDEEN,2020-09-27,0,41,0
ABERDEEN,2020-08-30,0,2,0
ABERDEEN,2020-09-13,0,10,0
ABERDEEN,2020-09-06,0,3,0
ABERDEEN,2020-12-27,0,0,0
ABERDEEN,2020-11-22,0,0,0
ABERDEEN,2020-10-25,0,0,0
ABERDEEN,2021-01-17,0,0,0
ABERDEENSHIRE,2021-01-10,3,0,1
ABERDEENSHIRE,2021-01-03,9,9,0.5
ABERDEENSHIRE,2020-12-20,0,3,0
ABERDEENSHIRE,2020-12-13,10,3,0.7692307692307693
ABERDEENSHIRE,2020-12-06,1,5,0.16666666666666666
ABERDEENSHIRE,2020-11-29,0,0,0
ABERDEENSHIRE,2020-10-04,0,1,0
ABERDEENSHIRE,2020-11-15,0,0,0
ABERDEENSHIRE,2020-11-08,0,3,0
ABERDEENSHIRE,2020-10-18,0,3,0
ABERDEENSHIRE,2020-11-01,0,0,0
ABERDEENSHIRE,2020-10-11,0,2,0
ABERDEENSHIRE,2020-09-20,0,2,0
ABERDEENSHIRE,2020-09-27,0,5,0
ABERDEENSHIRE,2020-08-30,0,0,0
ABERDEENSHIRE,2020-09-13,0,2,0
ABERDEENSHIRE,2020-09-06,0,2,0
ABERDEENSHIRE,2020-12-27,4,2,0.6666666666666666
ABERDEENSHIRE,2020-11-22,0,17,0
ABERDEENSHIRE,2020-10-25,0,1,0
ABERDEENSHIRE,2021-01-17,0,0,0
DUNDEE,2021-01-10,0,0,0
DUNDEE,2021-01-03,10,14,0.4166666666666667
DUNDEE,2020-12-20,0,2,0
DUNDEE,2020-12-13,0,2,0
DUNDEE,2020-12-06,0,7,0
DUNDEE,2020-11-29,0,4,0
DUNDEE,2020-10-04,0,11,0
DUNDEE,2020-11-15,0,0,0
DUNDEE,2020-11-08,0,5,0
DUNDEE,2020-10-18,0,19,0
DUNDEE,2020-11-01,0,6,0
DUNDEE,2020-10-11,0,10,0
DUNDEE,2020-09-20,0,9,0
DUNDEE,2020-09-27,0,20,0
DUNDEE,2020-08-30,0,3,0
DUNDEE,2020-09-13,0,11,0
DUNDEE,2020-09-06,0,4,0
DUNDEE,2020-12-27,2,6,0.25
DUNDEE,2020-11-22,0,0,0
DUNDEE,2020-10-25,0,6,0
DUNDEE,2021-01-17,0,0,0
ANGUS,2021-01-10,0,0,0
ANGUS,2021-01-03,3,8,0.2727272727272727
ANGUS,2020-12-20,0,0,0
ANGUS,2020-12-13,1,0,1
ANGUS,2020-12-06,0,3,0
ANGUS,2020-11-29,0,0,0
ANGUS,2020-10-04,0,0,0
ANGUS,2020-11-15,0,0,0
ANGUS,2020-11-08,0,0,0
ANGUS,2020-10-18,0,2,0
ANGUS,2020-11-01,0,2,0
ANGUS,2020-10-11,0,0,0
ANGUS,2020-09-20,0,3,0
ANGUS,2020-09-27,0,6,0
ANGUS,2020-08-30,0,0,0
ANGUS,2020-09-13,0,1,0
ANGUS,2020-09-06,0,2,0
ANGUS,2020-12-27,3,6,0.3333333333333333
ANGUS,2020-11-22,0,1,0
ANGUS,2020-10-25,0,0,0
ANGUS,2021-01-17,0,0,0
ANTRIM,2021-01-10,0,0,0
ANTRIM,2021-01-03,1,2,0.3333333333333333
ANTRIM,2020-12-20,0,0,0
ANTRIM,2020-12-13,0,0,0
ANTRIM,2020-12-06,0,0,0
ANTRIM,2020-11-29,0,0,0
ANTRIM,2020-10-04,0,24,0
ANTRIM,2020-11-15,0,1,0
ANTRIM,2020-11-08,0,20,0
ANTRIM,2020-10-18,0,37,0
ANTRIM,2020-11-01,0,21,0
ANTRIM,2020-10-11,0,85,0
ANTRIM,2020-09-20,0,11,0
ANTRIM,2020-09-27,0,17,0
ANTRIM,2020-08-30,0,2,0
ANTRIM,2020-09-13,0,9,0
ANTRIM,2020-09-06,0,6,0
ANTRIM,2020-12-27,11,0,1
ANTRIM,2020-11-22,0,0,0
ANTRIM,2020-10-25,0,5,0
ANTRIM,2021-01-17,0,0,0
ANTRIM_AND_NEWTOWNABBEY,2021-01-10,0,0,0
ANTRIM_AND_NEWTOWNABBEY,2021-01-03,0,0,0
ANTRIM_AND_NEWTOWNABBEY,2020-12-20,0,0,0
ANTRIM_AND_NEWTOWNABBEY,2020-12-13,0,0,0
ANTRIM_AND_NEWTOWNABBEY,2020-12-06,0,0,0
ANTRIM_AND_NEWTOWNABBEY,2020-11-29,0,0,0
ANTRIM_AND_NEWTOWNABBEY,2020-10-04,0,3,0
ANTRIM_AND_NEWTOWNABBEY,2020-11-15,0,0,0
ANTRIM_AND_NEWTOWNABBEY,2020-11-08,0,0,0
ANTRIM_AND_NEWTOWNABBEY,2020-10-18,0,0,0
ANTRIM_AND_NEWTOWNABBEY,2020-11-01,0,0,0
ANTRIM_AND_NEWTOWNABBEY,2020-10-11,0,0,0
ANTRIM_AND_NEWTOWNABBEY,2020-09-20,0,0,0
ANTRIM_AND_NEWTOWNABBEY,2020-09-27,0,0,0
ANTRIM_AND_NEWTOWNABBEY,2020-08-30,0,0,0
ANTRIM_AND_NEWTOWNABBEY,2020-09-13,0,0,0
ANTRIM_AND_NEWTOWNABBEY,2020-09-06,0,0,0
ANTRIM_AND_NEWTOWNABBEY,2020-12-27,0,0,0
ANTRIM_AND_NEWTOWNABBEY,2020-11-22,0,0,0
ANTRIM_AND_NEWTOWNABBEY,2020-10-25,0,0,0
ANTRIM_AND_NEWTOWNABBEY,2021-01-17,0,0,0
NORTH_DOWN_AND_ARDS,2021-01-10,0,0,0
NORTH_DOWN_AND_ARDS,2021-01-03,0,0,0
NORTH_DOWN_AND_ARDS,2020-12-20,0,0,0
NORTH_DOWN_AND_ARDS,2020-12-13,0,0,0
NORTH_DOWN_AND_ARDS,2020-12-06,0,0,0
NORTH_DOWN_AND_ARDS,2020-11-29,0,0,0
NORTH_DOWN_AND_ARDS,2020-10-04,0,3,0
NORTH_DOWN_AND_ARDS,2020-11-15,0,0,0
NORTH_DOWN_AND_ARDS,2020-11-08,0,0,0
NORTH_DOWN_AND_ARDS,2020-10-18,0,0,0
NORTH_DOWN_AND_ARDS,2020-11-01,0,0,0
NORTH_DOWN_AND_ARDS,2020-10-11,0,0,0
NORTH_DOWN_AND_ARDS,2020-09-20,0,0,0
NORTH_DOWN_AND_ARDS,2020-09-27,0,0,0
NORTH_DOWN_AND_ARDS,2020-08-30,0,0,0
NORTH_DOWN_AND_ARDS,2020-09-13,0,0,0
NORTH_DOWN_AND_ARDS,2020-09-06,0,0,0
NORTH_DOWN_AND_ARDS,2020-12-27,0,0,0
NORTH_DOWN_AND_ARDS,2020-11-22,0,0,0
NORTH_DOWN_AND_ARDS,2020-10-25,0,0,0
NORTH_DOWN_AND_ARDS,2021-01-17,0,0,0
ARGYLL_AND_BUTE,2021-01-10,0,0,0
ARGYLL_AND_BUTE,2021-01-03,1,0,1
ARGYLL_AND_BUTE,2020-12-20,0,0,0
ARGYLL_AND_BUTE,2020-12-13,3,3,0.5
ARGYLL_AND_BUTE,2020-12-06,0,3,0
ARGYLL_AND_BUTE,2020-11-29,0,3,0
ARGYLL_AND_BUTE,2020-10-04,0,4,0
ARGYLL_AND_BUTE,2020-11-15,0,1,0
ARGYLL_AND_BUTE,2020-11-08,0,3,0
ARGYLL_AND_BUTE,2020-10-18,0,1,0
ARGYLL_AND_BUTE,2020-11-01,0,1,0
ARGYLL_AND_BUTE,2020-10-11,0,3,0
ARGYLL_AND_BUTE,2020-09-20,0,6,0
ARGYLL_AND_BUTE,2020-09-27,0,6,0
ARGYLL_AND_BUTE,2020-08-30,0,1,0
ARGYLL_AND_BUTE,2020-09-13,0,3,0
ARGYLL_AND_BUTE,2020-09-06,0,1,0
ARGYLL_AND_BUTE,2020-12-27,1,0,1
ARGYLL_AND_BUTE,2020-11-22,1,3,0.25
ARGYLL_AND_BUTE,2020-10-25,0,0,0
ARGYLL_AND_BUTE,2021-01-17,0,0,0
ARMAGH,2021-01-10,0,0,0
ARMAGH,2021-01-03,12,1,0.9230769230769231
ARMAGH,2020-12-20,1,0,1
ARMAGH,2020-12-13,0,0,0
ARMAGH,2020-12-06,0,0,0
ARMAGH,2020-11-29,0,0,0
ARMAGH,2020-10-04,0,5,0
ARMAGH,2020-11-15,0,0,0
ARMAGH,2020-11-08,0,0,0
ARMAGH,2020-10-18,0,7,0
ARMAGH,2020-11-01,0,0,0
ARMAGH,2020-10-11,0,9,0
ARMAGH,2020-09-20,0,10,0
ARMAGH,2020-09-27,0,6,0
ARMAGH,2020-08-30,0,1,0
ARMAGH,2020-09-13,0,6,0
ARMAGH,2020-09-06,0,11,0
ARMAGH,2020-12-27,5,0,1
ARMAGH,2020-11-22,0,0,0
ARMAGH,2020-10-25,0,0,0
ARMAGH,2021-01-17,0,0,0
FERMANAGH,2021-01-10,0,0,0
FERMANAGH,2021-01-03,0,1,0
FERMANAGH,2020-12-20,0,0,0
FERMANAGH,2020-12-13,0,0,0
FERMANAGH,2020-12-06,0,0,0
FERMANAGH,2020-11-29,0,0,0
FERMANAGH,2020-10-04,0,1,0
FERMANAGH,2020-11-15,0,0,0
FERMANAGH,2020-11-08,0,0,0
FERMANAGH,2020-10-18,0,15,0
FERMANAGH,2020-11-01,0,0,0
FERMANAGH,2020-10-11,0,1,0
FERMANAGH,2020-09-20,0,0,0
FERMANAGH,2020-09-27,0,1,0
FERMANAGH,2020-08-30,0,0,0
FERMANAGH,2020-09-13,0,0,0
FERMANAGH,2020-09-06,0,0,0
FERMANAGH,2020-12-27,0,0,0
FERMANAGH,2020-11-22,0,0,0
FERMANAGH,2020-10-25,0,0,0
FERMANAGH,2021-01-17,0,0,0
ARMAGH_BANBRIDGE_AND_CRAIGAVON,2021-01-10,0,0,0
ARMAGH_BANBRIDGE_AND_CRAIGAVON,2021-01-03,0,0,0
ARMAGH_BANBRIDGE_AND_CRAIGAVON,2020-12-20,0,0,0
ARMAGH_BANBRIDGE_AND_CRAIGAVON,2020-12-13,0,0,0
ARMAGH_BANBRIDGE_AND_CRAIGAVON,2020-12-06,0,0,0
ARMAGH_BANBRIDGE_AND_CRAIGAVON,2020-11-29,0,0,0
ARMAGH_BANBRIDGE_AND_CRAIGAVON,2020-10-04,0,0,0
ARMAGH_BANBRIDGE_AND_CRAIGAVON,2020-11-15,0,0,0
ARMAGH_BANBRIDGE_AND_CRAIGAVON,2020-11-08,0,0,0
ARMAGH_BANBRIDGE_AND_CRAIGAVON,2020-10-18,0,1,0
ARMAGH_BANBRIDGE_AND_CRAIGAVON,2020-11-01,0,0,0
ARMAGH_BANBRIDGE_AND_CRAIGAVON,2020-10-11,0,0,0
ARMAGH_BANBRIDGE_AND_CRAIGAVON,2020-09-20,0,0,0
ARMAGH_BANBRIDGE_AND_CRAIGAVON,2020-09-27,0,0,0
ARMAGH_BANBRIDGE_AND_CRAIGAVON,2020-08-30,0,0,0
ARMAGH_BANBRIDGE_AND_CRAIGAVON,2020-09-13,0,0,0
ARMAGH_BANBRIDGE_AND_CRAIGAVON,2020-09-06,0,0,0
ARMAGH_BANBRIDGE_AND_CRAIGAVON,2020-12-27,0,0,0
ARMAGH_BANBRIDGE_AND_CRAIGAVON,2020-11-22,0,0,0
ARMAGH_BANBRIDGE_AND_CRAIGAVON,2020-10-25,0,0,0
ARMAGH_BANBRIDGE_AND_CRAIGAVON,2021-01-17,0,0,0
BELFAST,2021-01-10,0,0,0
BELFAST,2021-01-03,0,0,0
BELFAST,2020-12-20,0,0,0
BELFAST,2020-12-13,0,0,0
BELFAST,2020-12-06,0,1,0
BELFAST,2020-11-29,0,0,0
BELFAST,2020-10-04,0,4,0
BELFAST,2020-11-15,0,0,0
BELFAST,2020-11-08,0,0,0
BELFAST,2020-10-18,0,0,0
BELFAST,2020-11-01,0,0,0
BELFAST,2020-10-11,0,0,0
BELFAST,2020-09-20,0,0,0
BELFAST,2020-09-27,0,0,0
BELFAST,2020-08-30,0,0,0
BELFAST,2020-09-13,0,0,0
BELFAST,2020-09-06,0,0,0
BELFAST,2020-12-27,0,0,0
BELFAST,2020-11-22,0,0,0
BELFAST,2020-10-25,0,1,0
BELFAST,2021-01-17,0,0,0
LANCASHIRE,2021-01-10,98,31,0.7596899224806202
LANCASHIRE,2021-01-03,128,91,0.5844748858447488
LANCASHIRE,2020-12-20,43,99,0.3028169014084507
LANCASHIRE,2020-12-13,34,115,0.22818791946308725
LANCASHIRE,2020-12-06,13,134,0.08843537414965986
LANCASHIRE,2020-11-29,2,54,0.03571428571428571
LANCASHIRE,2020-10-04,0,212,0
LANCASHIRE,2020-11-15,2,150,0.013157894736842105
LANCASHIRE,2020-11-08,1,298,0.0033444816053511705
LANCASHIRE,2020-10-18,0,286,0
LANCASHIRE,2020-11-01,0,319,0
LANCASHIRE,2020-10-11,0,336,0
LANCASHIRE,2020-09-20,0,161,0
LANCASHIRE,2020-09-27,0,89,0
LANCASHIRE,2020-08-30,0,12,0
LANCASHIRE,2020-09-13,0,108,0
LANCASHIRE,2020-09-06,0,85,0
LANCASHIRE,2020-12-27,85,64,0.5704697986577181
LANCASHIRE,2020-11-22,0,81,0
LANCASHIRE,2020-10-25,0,103,0
LANCASHIRE,2021-01-17,0,0,0
BLAENAU_GWENT,2021-01-10,1,4,0.2
BLAENAU_GWENT,2021-01-03,1,8,0.1111111111111111
BLAENAU_GWENT,2020-12-20,0,24,0
BLAENAU_GWENT,2020-12-13,3,47,0.06
BLAENAU_GWENT,2020-12-06,1,27,0.03571428571428571
BLAENAU_GWENT,2020-11-29,0,26,0
BLAENAU_GWENT,2020-10-04,0,14,0
BLAENAU_GWENT,2020-11-15,0,20,0
BLAENAU_GWENT,2020-11-08,0,30,0
BLAENAU_GWENT,2020-10-18,0,34,0
BLAENAU_GWENT,2020-11-01,0,35,0
BLAENAU_GWENT,2020-10-11,0,25,0
BLAENAU_GWENT,2020-09-20,0,62,0
BLAENAU_GWENT,2020-09-27,0,8,0
BLAENAU_GWENT,2020-08-30,0,1,0
BLAENAU_GWENT,2020-09-13,0,18,0
BLAENAU_GWENT,2020-09-06,0,2,0
BLAENAU_GWENT,2020-12-27,0,9,0
BLAENAU_GWENT,2020-11-22,0,47,0
BLAENAU_GWENT,2020-10-25,0,43,0
BLAENAU_GWENT,2021-01-17,0,0,0
DORSET,2021-01-10,14,1,0.9333333333333333
DORSET,2021-01-03,14,2,0.875
DORSET,2020-12-20,2,1,0.6666666666666666
DORSET,2020-12-13,5,4,0.5555555555555556
DORSET,2020-12-06,3,6,0.3333333333333333
DORSET,2020-11-29,1,13,0.07142857142857142
DORSET,2020-10-04,0,84,0
DORSET,2020-11-15,0,32,0
DORSET,2020-11-08,0,30,0
DORSET,2020-10-18,0,63,0
DORSET,2020-11-01,0,11,0
DORSET,2020-10-11,0,25,0
DORSET,2020-09-20,0,11,0
DORSET,2020-09-27,0,31,0
DORSET,2020-08-30,0,14,0
DORSET,2020-09-13,0,8,0
DORSET,2020-09-06,0,14,0
DORSET,2020-12-27,2,1,0.6666666666666666
DORSET,2020-11-22,0,10,0
DORSET,2020-10-25,0,3,0
DORSET,2021-01-17,0,0,0
BERKSHIRE,2021-01-10,0,2,0
BERKSHIRE,2021-01-03,71,3,0.9594594594594594
BERKSHIRE,2020-12-20,57,23,0.7125
BERKSHIRE,2020-12-13,118,59,0.6666666666666666
BERKSHIRE,2020-12-06,25,19,0.5681818181818182
BERKSHIRE,2020-11-29,0,1,0
BERKSHIRE,2020-10-04,0,38,0
BERKSHIRE,2020-11-15,1,38,0.02564102564102564
BERKSHIRE,2020-11-08,6,118,0.04838709677419355
BERKSHIRE,2020-10-18,0,38,0
BERKSHIRE,2020-11-01,0,68,0
BERKSHIRE,2020-10-11,0,42,0
BERKSHIRE,2020-09-20,0,25,0
BERKSHIRE,2020-09-27,0,10,0
BERKSHIRE,2020-08-30,0,12,0
BERKSHIRE,2020-09-13,0,13,0
BERKSHIRE,2020-09-06,0,31,0
BERKSHIRE,2020-12-27,91,16,0.8504672897196262
BERKSHIRE,2020-11-22,1,6,0.14285714285714285
BERKSHIRE,2020-10-25,0,47,0
BERKSHIRE,2021-01-17,0,0,0
BRIDGEND,2021-01-10,20,30,0.4
BRIDGEND,2021-01-03,28,28,0.5
BRIDGEND,2020-12-20,42,95,0.30656934306569344
BRIDGEND,2020-12-13,54,194,0.21774193548387097
BRIDGEND,2020-12-06,20,128,0.13513513513513514
BRIDGEND,2020-11-29,5,68,0.0684931506849315
BRIDGEND,2020-10-04,0,94,0
BRIDGEND,2020-11-15,0,53,0
BRIDGEND,2020-11-08,3,59,0.04838709677419355
BRIDGEND,2020-10-18,0,126,0
BRIDGEND,2020-11-01,1,107,0.009259259259259259
BRIDGEND,2020-10-11,0,89,0
BRIDGEND,2020-09-20,0,61,0
BRIDGEND,2020-09-27,0,51,0
BRIDGEND,2020-08-30,0,10,0
BRIDGEND,2020-09-13,0,49,0
BRIDGEND,2020-09-06,0,14,0
BRIDGEND,2020-12-27,47,82,0.3643410852713178
BRIDGEND,2020-11-22,2,51,0.03773584905660377
BRIDGEND,2020-10-25,0,117,0
BRIDGEND,2021-01-17,0,0,0
SUSSEX,2021-01-10,11,0,1
SUSSEX,2021-01-03,166,11,0.9378531073446328
SUSSEX,2020-12-20,41,9,0.82
SUSSEX,2020-12-13,142,27,0.8402366863905325
SUSSEX,2020-12-06,54,22,0.7105263157894737
SUSSEX,2020-11-29,8,6,0.5714285714285714
SUSSEX,2020-10-04,0,71,0
SUSSEX,2020-11-15,7,48,0.12727272727272726
SUSSEX,2020-11-08,21,146,0.12574850299401197
SUSSEX,2020-10-18,0,136,0
SUSSEX,2020-11-01,8,88,0.08333333333333333
SUSSEX,2020-10-11,0,74,0
SUSSEX,2020-09-20,0,36,0
SUSSEX,2020-09-27,0,27,0
SUSSEX,2020-08-30,0,14,0
SUSSEX,2020-09-13,0,18,0
SUSSEX,2020-09-06,0,48,0
SUSSEX,2020-12-27,136,9,0.9379310344827586
SUSSEX,2020-11-22,5,10,0.3333333333333333
SUSSEX,2020-10-25,1,97,0.01020408163265306
SUSSEX,2021-01-17,0,0,0
BRISTOL,2021-01-10,18,1,0.9473684210526315
BRISTOL,2021-01-03,31,2,0.9393939393939394
BRISTOL,2020-12-20,15,6,0.7142857142857143
BRISTOL,2020-12-13,16,19,0.45714285714285713
BRISTOL,2020-12-06,4,15,0.21052631578947367
BRISTOL,2020-11-29,1,1,0.5
BRISTOL,2020-10-04,0,46,0
BRISTOL,2020-11-15,0,15,0
BRISTOL,2020-11-08,2,94,0.020833333333333332
BRISTOL,2020-10-18,0,65,0
BRISTOL,2020-11-01,0,51,0
BRISTOL,2020-10-11,0,21,0
BRISTOL,2020-09-20,0,26,0
BRISTOL,2020-09-27,0,16,0
BRISTOL,2020-08-30,0,18,0
BRISTOL,2020-09-13,0,9,0
BRISTOL,2020-09-06,0,11,0
BRISTOL,2020-12-27,11,4,0.7333333333333333
BRISTOL,2020-11-22,0,7,0
BRISTOL,2020-10-25,0,28,0
BRISTOL,2021-01-17,0,0,0
BUCKINGHAMSHIRE,2021-01-10,7,1,0.875
BUCKINGHAMSHIRE,2021-01-03,60,10,0.8571428571428571
BUCKINGHAMSHIRE,2020-12-20,81,18,0.8181818181818182
BUCKINGHAMSHIRE,2020-12-13,120,48,0.7142857142857143
BUCKINGHAMSHIRE,2020-12-06,50,36,0.5813953488372093
BUCKINGHAMSHIRE,2020-11-29,4,7,0.36363636363636365
BUCKINGHAMSHIRE,2020-10-04,0,25,0
BUCKINGHAMSHIRE,2020-11-15,14,51,0.2153846153846154
BUCKINGHAMSHIRE,2020-11-08,7,77,0.08333333333333333
BUCKINGHAMSHIRE,2020-10-18,0,93,0
BUCKINGHAMSHIRE,2020-11-01,3,93,0.03125
BUCKINGHAMSHIRE,2020-10-11,0,32,0
BUCKINGHAMSHIRE,2020-09-20,0,26,0
BUCKINGHAMSHIRE,2020-09-27,0,13,0
BUCKINGHAMSHIRE,2020-08-30,0,19,0
BUCKINGHAMSHIRE,2020-09-13,0,7,0
BUCKINGHAMSHIRE,2020-09-06,0,17,0
BUCKINGHAMSHIRE,2020-12-27,51,8,0.864406779661017
BUCKINGHAMSHIRE,2020-11-22,5,18,0.21739130434782608
BUCKINGHAMSHIRE,2020-10-25,0,25,0
BUCKINGHAMSHIRE,2021-01-17,0,0,0
CAERPHILLY,2021-01-10,9,13,0.4090909090909091
CAERPHILLY,2021-01-03,11,12,0.4782608695652174
CAERPHILLY,2020-12-20,3,48,0.058823529411764705
CAERPHILLY,2020-12-13,2,91,0.021505376344086023
CAERPHILLY,2020-12-06,3,63,0.045454545454545456
CAERPHILLY,2020-11-29,0,49,0
CAERPHILLY,2020-10-04,0,55,0
CAERPHILLY,2020-11-15,0,33,0
CAERPHILLY,2020-11-08,0,49,0
CAERPHILLY,2020-10-18,0,65,0
CAERPHILLY,2020-11-01,0,61,0
CAERPHILLY,2020-10-11,0,28,0
CAERPHILLY,2020-09-20,0,45,0
CAERPHILLY,2020-09-27,0,13,0
CAERPHILLY,2020-08-30,0,28,0
CAERPHILLY,2020-09-13,0,85,0
CAERPHILLY,2020-09-06,0,101,0
CAERPHILLY,2020-12-27,8,26,0.23529411764705882
CAERPHILLY,2020-11-22,0,45,0
CAERPHILLY,2020-10-25,0,53,0
CAERPHILLY,2021-01-17,0,0,0
CAMBRIDGESHIRE,2021-01-10,24,8,0.75
CAMBRIDGESHIRE,2021-01-03,42,16,0.7241379310344828
CAMBRIDGESHIRE,2020-12-20,24,36,0.4
CAMBRIDGESHIRE,2020-12-13,35,71,0.330188679245283
CAMBRIDGESHIRE,2020-12-06,22,63,0.25882352941176473
CAMBRIDGESHIRE,2020-11-29,4,48,0.07692307692307693
CAMBRIDGESHIRE,2020-10-04,0,50,0
CAMBRIDGESHIRE,2020-11-15,8,126,0.05970149253731343
CAMBRIDGESHIRE,2020-11-08,4,313,0.012618296529968454
CAMBRIDGESHIRE,2020-10-18,0,83,0
CAMBRIDGESHIRE,2020-11-01,1,258,0.003861003861003861
CAMBRIDGESHIRE,2020-10-11,0,118,0
CAMBRIDGESHIRE,2020-09-20,0,27,0
CAMBRIDGESHIRE,2020-09-27,0,36,0
CAMBRIDGESHIRE,2020-08-30,0,17,0
CAMBRIDGESHIRE,2020-09-13,0,11,0
CAMBRIDGESHIRE,2020-09-06,0,13,0
CAMBRIDGESHIRE,2020-12-27,50,12,0.8064516129032258
CAMBRIDGESHIRE,2020-11-22,13,97,0.11818181818181818
CAMBRIDGESHIRE,2020-10-25,0,106,0
CAMBRIDGESHIRE,2021-01-17,0,0,0
CARDIFF,2021-01-10,20,67,0.22988505747126436
CARDIFF,2021-01-03,50,99,0.33557046979865773
CARDIFF,2020-12-20,17,109,0.1349206349206349
CARDIFF,2020-12-13,18,259,0.06498194945848375
CARDIFF,2020-12-06,3,160,0.018404907975460124
CARDIFF,2020-11-29,1,99,0.01
CARDIFF,2020-10-04,0,120,0
CARDIFF,2020-11-15,0,76,0
CARDIFF,2020-11-08,0,70,0
CARDIFF,2020-10-18,0,125,0
CARDIFF,2020-11-01,0,114,0
CARDIFF,2020-10-11,0,77,0
CARDIFF,2020-09-20,0,87,0
CARDIFF,2020-09-27,0,51,0
CARDIFF,2020-08-30,0,11,0
CARDIFF,2020-09-13,0,35,0
CARDIFF,2020-09-06,0,26,0
CARDIFF,2020-12-27,26,91,0.2222222222222222
CARDIFF,2020-11-22,0,83,0
CARDIFF,2020-10-25,0,76,0
CARDIFF,2021-01-17,0,0,0
CARMARTHENSHIRE,2021-01-10,4,13,0.23529411764705882
CARMARTHENSHIRE,2021-01-03,18,30,0.375
CARMARTHENSHIRE,2020-12-20,0,63,0
CARMARTHENSHIRE,2020-12-13,5,110,0.043478260869565216
CARMARTHENSHIRE,2020-12-06,0,71,0
CARMARTHENSHIRE,2020-11-29,0,53,0
CARMARTHENSHIRE,2020-10-04,0,14,0
CARMARTHENSHIRE,2020-11-15,0,61,0
CARMARTHENSHIRE,2020-11-08,0,40,0
CARMARTHENSHIRE,2020-10-18,0,53,0
CARMARTHENSHIRE,2020-11-01,0,34,0
CARMARTHENSHIRE,2020-10-11,0,14,0
CARMARTHENSHIRE,2020-09-20,0,30,0
CARMARTHENSHIRE,2020-09-27,0,13,0
CARMARTHENSHIRE,2020-08-30,0,1,0
CARMARTHENSHIRE,2020-09-13,0,16,0
CARMARTHENSHIRE,2020-09-06,0,3,0
CARMARTHENSHIRE,2020-12-27,2,39,0.04878048780487805
CARMARTHENSHIRE,2020-11-22,0,37,0
CARMARTHENSHIRE,2020-10-25,0,46,0
CARMARTHENSHIRE,2021-01-17,0,0,0
CAUSEWAY_COAST_AND_GLENS,2021-01-10,0,0,0
CAUSEWAY_COAST_AND_GLENS,2021-01-03,0,0,0
CAUSEWAY_COAST_AND_GLENS,2020-12-20,0,0,0
CAUSEWAY_COAST_AND_GLENS,2020-12-13,0,0,0
CAUSEWAY_COAST_AND_GLENS,2020-12-06,0,0,0
CAUSEWAY_COAST_AND_GLENS,2020-11-29,0,0,0
CAUSEWAY_COAST_AND_GLENS,2020-10-04,0,1,0
CAUSEWAY_COAST_AND_GLENS,2020-11-15,0,0,0
CAUSEWAY_COAST_AND_GLENS,2020-11-08,0,0,0
CAUSEWAY_COAST_AND_GLENS,2020-10-18,0,0,0
CAUSEWAY_COAST_AND_GLENS,2020-11-01,0,0,0
CAUSEWAY_COAST_AND_GLENS,2020-10-11,0,0,0
CAUSEWAY_COAST_AND_GLENS,2020-09-20,0,0,0
CAUSEWAY_COAST_AND_GLENS,2020-09-27,0,0,0
CAUSEWAY_COAST_AND_GLENS,2020-08-30,0,0,0
CAUSEWAY_COAST_AND_GLENS,2020-09-13,0,0,0
CAUSEWAY_COAST_AND_GLENS,2020-09-06,0,0,0
CAUSEWAY_COAST_AND_GLENS,2020-12-27,0,0,0
CAUSEWAY_COAST_AND_GLENS,2020-11-22,0,0,0
CAUSEWAY_COAST_AND_GLENS,2020-10-25,0,0,0
CAUSEWAY_COAST_AND_GLENS,2021-01-17,0,0,0
BEDFORDSHIRE,2021-01-10,3,1,0.75
BEDFORDSHIRE,2021-01-03,87,11,0.8877551020408163
BEDFORDSHIRE,2020-12-20,42,7,0.8571428571428571
BEDFORDSHIRE,2020-12-13,98,55,0.6405228758169934
BEDFORDSHIRE,2020-12-06,34,32,0.5151515151515151
BEDFORDSHIRE,2020-11-29,4,5,0.4444444444444444
BEDFORDSHIRE,2020-10-04,0,15,0
BEDFORDSHIRE,2020-11-15,7,60,0.1044776119402985
BEDFORDSHIRE,2020-11-08,5,67,0.06944444444444445
BEDFORDSHIRE,2020-10-18,0,45,0
BEDFORDSHIRE,2020-11-01,0,74,0
BEDFORDSHIRE,2020-10-11,0,30,0
BEDFORDSHIRE,2020-09-20,0,23,0
BEDFORDSHIRE,2020-09-27,0,26,0
BEDFORDSHIRE,2020-08-30,0,14,0
BEDFORDSHIRE,2020-09-13,0,11,0
BEDFORDSHIRE,2020-09-06,0,20,0
BEDFORDSHIRE,2020-12-27,39,6,0.8666666666666667
BEDFORDSHIRE,2020-11-22,5,25,0.16666666666666666
BEDFORDSHIRE,2020-10-25,0,29,0
BEDFORDSHIRE,2021-01-17,0,0,0
CEREDIGION,2021-01-10,12,3,0.8
CEREDIGION,2021-01-03,2,10,0.16666666666666666
CEREDIGION,2020-12-20,0,15,0
CEREDIGION,2020-12-13,0,20,0
CEREDIGION,2020-12-06,0,8,0
CEREDIGION,2020-11-29,0,14,0
CEREDIGION,2020-10-04,0,2,0
CEREDIGION,2020-11-15,0,7,0
CEREDIGION,2020-11-08,0,18,0
CEREDIGION,2020-10-18,0,14,0
CEREDIGION,2020-11-01,0,23,0
CEREDIGION,2020-10-11,0,5,0
CEREDIGION,2020-09-20,0,3,0
CEREDIGION,2020-09-27,0,0,0
CEREDIGION,2020-08-30,0,0,0
CEREDIGION,2020-09-13,0,2,0
CEREDIGION,2020-09-06,0,1,0
CEREDIGION,2020-12-27,0,6,0
CEREDIGION,2020-11-22,0,9,0
CEREDIGION,2020-10-25,0,3,0
CEREDIGION,2021-01-17,0,0,0
CHESHIRE,2021-01-10,44,17,0.7213114754098361
CHESHIRE,2021-01-03,99,59,0.6265822784810127
CHESHIRE,2020-12-20,16,42,0.27586206896551724
CHESHIRE,2020-12-13,14,76,0.15555555555555556
CHESHIRE,2020-12-06,6,99,0.05714285714285714
CHESHIRE,2020-11-29,1,35,0.027777777777777776
CHESHIRE,2020-10-04,0,68,0
CHESHIRE,2020-11-15,0,49,0
CHESHIRE,2020-11-08,2,147,0.013422818791946308
CHESHIRE,2020-10-18,0,91,0
CHESHIRE,2020-11-01,0,118,0
CHESHIRE,2020-10-11,0,85,0
CHESHIRE,2020-09-20,0,91,0
CHESHIRE,2020-09-27,0,38,0
CHESHIRE,2020-08-30,0,13,0
CHESHIRE,2020-09-13,0,45,0
CHESHIRE,2020-09-06,0,49,0
CHESHIRE,2020-12-27,86,40,0.6825396825396826
CHESHIRE,2020-11-22,1,57,0.017241379310344827
CHESHIRE,2020-10-25,0,59,0
CHESHIRE,2021-01-17,0,0,0
EDINBURGH,2021-01-10,0,1,0
EDINBURGH,2021-01-03,18,37,0.32727272727272727
EDINBURGH,2020-12-20,5,58,0.07936507936507936
EDINBURGH,2020-12-13,9,33,0.21428571428571427
EDINBURGH,2020-12-06,0,66,0
EDINBURGH,2020-11-29,0,27,0
EDINBURGH,2020-10-04,0,43,0
EDINBURGH,2020-11-15,0,21,0
EDINBURGH,2020-11-08,0,20,0
EDINBURGH,2020-10-18,0,58,0
EDINBURGH,2020-11-01,0,37,0
EDINBURGH,2020-10-11,0,37,0
EDINBURGH,2020-09-20,0,86,0
EDINBURGH,2020-09-27,0,157,0
EDINBURGH,2020-08-30,0,13,0
EDINBURGH,2020-09-13,0,65,0
EDINBURGH,2020-09-06,0,30,0
EDINBURGH,2020-12-27,2,9,0.18181818181818182
EDINBURGH,2020-11-22,0,31,0
EDINBURGH,2020-10-25,0,39,0
EDINBURGH,2021-01-17,0,0,0
CLACKMANNANSHIRE,2021-01-10,0,0,0
CLACKMANNANSHIRE,2021-01-03,5,1,0.8333333333333334
CLACKMANNANSHIRE,2020-12-20,0,0,0
CLACKMANNANSHIRE,2020-12-13,0,0,0
CLACKMANNANSHIRE,2020-12-06,0,3,0
CLACKMANNANSHIRE,2020-11-29,0,0,0
CLACKMANNANSHIRE,2020-10-04,0,1,0
CLACKMANNANSHIRE,2020-11-15,0,0,0
CLACKMANNANSHIRE,2020-11-08,0,2,0
CLACKMANNANSHIRE,2020-10-18,0,7,0
CLACKMANNANSHIRE,2020-11-01,0,0,0
CLACKMANNANSHIRE,2020-10-11,0,3,0
CLACKMANNANSHIRE,2020-09-20,0,1,0
CLACKMANNANSHIRE,2020-09-27,0,3,0
CLACKMANNANSHIRE,2020-08-30,0,1,0
CLACKMANNANSHIRE,2020-09-13,0,0,0
CLACKMANNANSHIRE,2020-09-06,0,0,0
CLACKMANNANSHIRE,2020-12-27,0,1,0
CLACKMANNANSHIRE,2020-11-22,0,1,0
CLACKMANNANSHIRE,2020-10-25,0,3,0
CLACKMANNANSHIRE,2021-01-17,0,0,0
CLWYD,2021-01-10,79,27,0.7452830188679245
CLWYD,2021-01-03,299,74,0.8016085790884718
CLWYD,2020-12-20,70,78,0.47297297297297297
CLWYD,2020-12-13,45,116,0.2795031055900621
CLWYD,2020-12-06,15,119,0.11194029850746269
CLWYD,2020-11-29,0,112,0
CLWYD,2020-10-04,0,108,0
CLWYD,2020-11-15,2,107,0.01834862385321101
CLWYD,2020-11-08,0,73,0
CLWYD,2020-10-18,0,91,0
CLWYD,2020-11-01,0,116,0
CLWYD,2020-10-11,0,98,0
CLWYD,2020-09-20,0,33,0
CLWYD,2020-09-27,0,50,0
CLWYD,2020-08-30,0,8,0
CLWYD,2020-09-13,0,28,0
CLWYD,2020-09-06,0,30,0
CLWYD,2020-12-27,113,49,0.6975308641975309
CLWYD,2020-11-22,0,101,0
CLWYD,2020-10-25,0,59,0
CLWYD,2021-01-17,0,0,0
CORNWALL_AND_ISLES_OF_SCILLY,2021-01-10,12,4,0.75
CORNWALL_AND_ISLES_OF_SCILLY,2021-01-03,4,0,1
CORNWALL_AND_ISLES_OF_SCILLY,2020-12-20,1,5,0.16666666666666666
CORNWALL_AND_ISLES_OF_SCILLY,2020-12-13,2,8,0.2
CORNWALL_AND_ISLES_OF_SCILLY,2020-12-06,1,5,0.16666666666666666
CORNWALL_AND_ISLES_OF_SCILLY,2020-11-29,0,0,0
CORNWALL_AND_ISLES_OF_SCILLY,2020-10-04,0,10,0
CORNWALL_AND_ISLES_OF_SCILLY,2020-11-15,0,3,0
CORNWALL_AND_ISLES_OF_SCILLY,2020-11-08,0,3,0
CORNWALL_AND_ISLES_OF_SCILLY,2020-10-18,0,4,0
CORNWALL_AND_ISLES_OF_SCILLY,2020-11-01,0,6,0
CORNWALL_AND_ISLES_OF_SCILLY,2020-10-11,0,3,0
CORNWALL_AND_ISLES_OF_SCILLY,2020-09-20,0,34,0
CORNWALL_AND_ISLES_OF_SCILLY,2020-09-27,0,5,0
CORNWALL_AND_ISLES_OF_SCILLY,2020-08-30,0,4,0
CORNWALL_AND_ISLES_OF_SCILLY,2020-09-13,0,7,0
CORNWALL_AND_ISLES_OF_SCILLY,2020-09-06,0,5,0
CORNWALL_AND_ISLES_OF_SCILLY,2020-12-27,3,5,0.375
CORNWALL_AND_ISLES_OF_SCILLY,2020-11-22,0,0,0
CORNWALL_AND_ISLES_OF_SCILLY,2020-10-25,0,3,0
CORNWALL_AND_ISLES_OF_SCILLY,2021-01-17,0,0,0
DURHAM,2021-01-10,24,10,0.7058823529411765
DURHAM,2021-01-03,120,30,0.8
DURHAM,2020-12-20,43,95,0.3115942028985507
DURHAM,2020-12-13,12,83,0.12631578947368421
DURHAM,2020-12-06,28,145,0.16184971098265896
DURHAM,2020-11-29,2,23,0.08
DURHAM,2020-10-04,0,135,0
DURHAM,2020-11-15,0,104,0
DURHAM,2020-11-08,0,156,0
DURHAM,2020-10-18,0,199,0
DURHAM,2020-11-01,0,157,0
DURHAM,2020-10-11,0,57,0
DURHAM,2020-09-20,0,74,0
DURHAM,2020-09-27,0,222,0
DURHAM,2020-08-30,0,39,0
DURHAM,2020-09-13,0,84,0
DURHAM,2020-09-06,0,87,0
DURHAM,2020-12-27,82,85,0.49101796407185627
DURHAM,2020-11-22,10,95,0.09523809523809523
DURHAM,2020-10-25,1,138,0.007194244604316547
DURHAM,2021-01-17,0,0,0
CUMBRIA,2021-01-10,18,2,0.9
CUMBRIA,2021-01-03,102,9,0.918918918918919
CUMBRIA,2020-12-20,34,18,0.6538461538461539
CUMBRIA,2020-12-13,18,18,0.5
CUMBRIA,2020-12-06,25,26,0.49019607843137253
CUMBRIA,2020-11-29,5,28,0.15151515151515152
CUMBRIA,2020-10-04,0,21,0
CUMBRIA,2020-11-15,1,23,0.041666666666666664
CUMBRIA,2020-11-08,1,15,0.0625
CUMBRIA,2020-10-18,0,42,0
CUMBRIA,2020-11-01,1,22,0.043478260869565216
CUMBRIA,2020-10-11,0,20,0
CUMBRIA,2020-09-20,0,24,0
CUMBRIA,2020-09-27,0,60,0
CUMBRIA,2020-08-30,0,7,0
CUMBRIA,2020-09-13,0,17,0
CUMBRIA,2020-09-06,0,7,0
CUMBRIA,2020-12-27,57,1,0.9827586206896551
CUMBRIA,2020-11-22,8,45,0.1509433962264151
CUMBRIA,2020-10-25,0,36,0
CUMBRIA,2021-01-17,0,0,0
DERBYSHIRE,2021-01-10,23,4,0.8518518518518519
DERBYSHIRE,2021-01-03,29,13,0.6904761904761905
DERBYSHIRE,2020-12-20,8,21,0.27586206896551724
DERBYSHIRE,2020-12-13,20,44,0.3125
DERBYSHIRE,2020-12-06,5,61,0.07575757575757576
DERBYSHIRE,2020-11-29,1,24,0.04
DERBYSHIRE,2020-10-04,0,53,0
DERBYSHIRE,2020-11-15,3,138,0.02127659574468085
DERBYSHIRE,2020-11-08,0,69,0
DERBYSHIRE,2020-10-18,0,48,0
DERBYSHIRE,2020-11-01,0,73,0
DERBYSHIRE,2020-10-11,0,38,0
DERBYSHIRE,2020-09-20,0,41,0
DERBYSHIRE,2020-09-27,0,41,0
DERBYSHIRE,2020-08-30,0,3,0
DERBYSHIRE,2020-09-13,0,32,0
DERBYSHIRE,2020-09-06,0,25,0
DERBYSHIRE,2020-12-27,18,12,0.6
DERBYSHIRE,2020-11-22,1,12,0.07692307692307693
DERBYSHIRE,2020-10-25,0,72,0
DERBYSHIRE,2021-01-17,0,1,0
LONDONDERRY,2021-01-10,0,0,0
LONDONDERRY,2021-01-03,0,1,0
LONDONDERRY,2020-12-20,0,0,0
LONDONDERRY,2020-12-13,0,0,0
LONDONDERRY,2020-12-06,0,0,0
LONDONDERRY,2020-11-29,0,0,0
LONDONDERRY,2020-10-04,0,15,0
LONDONDERRY,2020-11-15,0,0,0
LONDONDERRY,2020-11-08,0,9,0
LONDONDERRY,2020-10-18,0,13,0
LONDONDERRY,2020-11-01,0,0,0
LONDONDERRY,2020-10-11,0,26,0
LONDONDERRY,2020-09-20,0,4,0
LONDONDERRY,2020-09-27,0,3,0
LONDONDERRY,2020-08-30,0,0,0
LONDONDERRY,2020-09-13,0,0,0
LONDONDERRY,2020-09-06,0,0,0
LONDONDERRY,2020-12-27,0,0,0
LONDONDERRY,2020-11-22,0,0,0
LONDONDERRY,2020-10-25,0,1,0
LONDONDERRY,2021-01-17,0,0,0
TYRONE,2021-01-10,0,0,0
TYRONE,2021-01-03,3,2,0.6
TYRONE,2020-12-20,0,0,0
TYRONE,2020-12-13,0,0,0
TYRONE,2020-12-06,0,0,0
TYRONE,2020-11-29,0,0,0
TYRONE,2020-10-04,0,9,0
TYRONE,2020-11-15,0,0,0
TYRONE,2020-11-08,0,1,0
TYRONE,2020-10-18,0,12,0
TYRONE,2020-11-01,0,0,0
TYRONE,2020-10-11,0,17,0
TYRONE,2020-09-20,0,0,0
TYRONE,2020-09-27,0,6,0
TYRONE,2020-08-30,0,0,0
TYRONE,2020-09-13,0,1,0
TYRONE,2020-09-06,0,0,0
TYRONE,2020-12-27,2,0,1
TYRONE,2020-11-22,0,0,0
TYRONE,2020-10-25,0,0,0
TYRONE,2021-01-17,0,0,0
DERRY_AND_STRABANE,2021-01-10,0,0,0
DERRY_AND_STRABANE,2021-01-03,0,0,0
DERRY_AND_STRABANE,2020-12-20,0,0,0
DERRY_AND_STRABANE,2020-12-13,0,0,0
DERRY_AND_STRABANE,2020-12-06,0,0,0
DERRY_AND_STRABANE,2020-11-29,0,0,0
DERRY_AND_STRABANE,2020-10-04,0,3,0
DERRY_AND_STRABANE,2020-11-15,0,0,0
DERRY_AND_STRABANE,2020-11-08,0,0,0
DERRY_AND_STRABANE,2020-10-18,0,2,0
DERRY_AND_STRABANE,2020-11-01,0,0,0
DERRY_AND_STRABANE,2020-10-11,0,0,0
DERRY_AND_STRABANE,2020-09-20,0,0,0
DERRY_AND_STRABANE,2020-09-27,0,4,0
DERRY_AND_STRABANE,2020-08-30,0,0,0
DERRY_AND_STRABANE,2020-09-13,0,0,0
DERRY_AND_STRABANE,2020-09-06,0,0,0
DERRY_AND_STRABANE,2020-12-27,0,0,0
DERRY_AND_STRABANE,2020-11-22,0,0,0
DERRY_AND_STRABANE,2020-10-25,0,0,0
DERRY_AND_STRABANE,2021-01-17,0,0,0
DEVON,2021-01-10,25,8,0.7575757575757576
DEVON,2021-01-03,8,12,0.4
DEVON,2020-12-20,7,124,0.05343511450381679
DEVON,2020-12-13,11,170,0.06077348066298342
DEVON,2020-12-06,2,12,0.14285714285714285
DEVON,2020-11-29,0,34,0
DEVON,2020-10-04,0,79,0
DEVON,2020-11-15,1,25,0.038461538461538464
DEVON,2020-11-08,0,129,0
DEVON,2020-10-18,0,41,0
DEVON,2020-11-01,0,107,0
DEVON,2020-10-11,0,22,0
DEVON,2020-09-20,0,37,0
DEVON,2020-09-27,0,69,0
DEVON,2020-08-30,0,13,0
DEVON,2020-09-13,0,15,0
DEVON,2020-09-06,0,31,0
DEVON,2020-12-27,25,57,0.3048780487804878
DEVON,2020-11-22,0,14,0
DEVON,2020-10-25,0,51,0
DEVON,2021-01-17,0,0,0
DUMFRIES_AND_GALLOWAY,2021-01-10,0,0,0
DUMFRIES_AND_GALLOWAY,2021-01-03,34,2,0.9444444444444444
DUMFRIES_AND_GALLOWAY,2020-12-20,4,3,0.5714285714285714
DUMFRIES_AND_GALLOWAY,2020-12-13,3,6,0.3333333333333333
DUMFRIES_AND_GALLOWAY,2020-12-06,0,1,0
DUMFRIES_AND_GALLOWAY,2020-11-29,0,0,0
DUMFRIES_AND_GALLOWAY,2020-10-04,0,7,0
DUMFRIES_AND_GALLOWAY,2020-11-15,0,1,0
DUMFRIES_AND_GALLOWAY,2020-11-08,0,0,0
DUMFRIES_AND_GALLOWAY,2020-10-18,0,3,0
DUMFRIES_AND_GALLOWAY,2020-11-01,0,4,0
DUMFRIES_AND_GALLOWAY,2020-10-11,0,6,0
DUMFRIES_AND_GALLOWAY,2020-09-20,0,2,0
DUMFRIES_AND_GALLOWAY,2020-09-27,0,2,0
DUMFRIES_AND_GALLOWAY,2020-08-30,0,0,0
DUMFRIES_AND_GALLOWAY,2020-09-13,0,1,0
DUMFRIES_AND_GALLOWAY,2020-09-06,0,2,0
DUMFRIES_AND_GALLOWAY,2020-12-27,11,2,0.8461538461538461
DUMFRIES_AND_GALLOWAY,2020-11-22,0,0,0
DUMFRIES_AND_GALLOWAY,2020-10-25,0,4,0
DUMFRIES_AND_GALLOWAY,2021-01-17,0,0,0
EAST_AYRSHIRE,2021-01-10,0,0,0
EAST_AYRSHIRE,2021-01-03,3,6,0.3333333333333333
EAST_AYRSHIRE,2020-12-20,2,2,0.5
EAST_AYRSHIRE,2020-12-13,3,2,0.6
EAST_AYRSHIRE,2020-12-06,0,6,0
EAST_AYRSHIRE,2020-11-29,0,3,0
EAST_AYRSHIRE,2020-10-04,0,39,0
EAST_AYRSHIRE,2020-11-15,0,1,0
EAST_AYRSHIRE,2020-11-08,0,1,0
EAST_AYRSHIRE,2020-10-18,0,11,0
EAST_AYRSHIRE,2020-11-01,0,9,0
EAST_AYRSHIRE,2020-10-11,0,15,0
EAST_AYRSHIRE,2020-09-20,0,11,0
EAST_AYRSHIRE,2020-09-27,0,18,0
EAST_AYRSHIRE,2020-08-30,0,5,0
EAST_AYRSHIRE,2020-09-13,0,12,0
EAST_AYRSHIRE,2020-09-06,0,7,0
EAST_AYRSHIRE,2020-12-27,0,0,0
EAST_AYRSHIRE,2020-11-22,0,0,0
EAST_AYRSHIRE,2020-10-25,0,7,0
EAST_AYRSHIRE,2021-01-17,0,0,0
EAST_DUNBARTONSHIRE,2021-01-10,2,0,1
EAST_DUNBARTONSHIRE,2021-01-03,5,3,0.625
EAST_DUNBARTONSHIRE,2020-12-20,0,5,0
EAST_DUNBARTONSHIRE,2020-12-13,6,3,0.6666666666666666
EAST_DUNBARTONSHIRE,2020-12-06,2,5,0.2857142857142857
EAST_DUNBARTONSHIRE,2020-11-29,1,7,0.125
EAST_DUNBARTONSHIRE,2020-10-04,0,28,0
EAST_DUNBARTONSHIRE,2020-11-15,0,9,0
EAST_DUNBARTONSHIRE,2020-11-08,0,13,0
EAST_DUNBARTONSHIRE,2020-10-18,0,20,0
EAST_DUNBARTONSHIRE,2020-11-01,0,16,0
EAST_DUNBARTONSHIRE,2020-10-11,0,8,0
EAST_DUNBARTONSHIRE,2020-09-20,0,10,0
EAST_DUNBARTONSHIRE,2020-09-27,0,30,0
EAST_DUNBARTONSHIRE,2020-08-30,0,3,0
EAST_DUNBARTONSHIRE,2020-09-13,0,9,0
EAST_DUNBARTONSHIRE,2020-09-06,0,9,0
EAST_DUNBARTONSHIRE,2020-12-27,6,5,0.5454545454545454
EAST_DUNBARTONSHIRE,2020-11-22,1,5,0.16666666666666666
EAST_DUNBARTONSHIRE,2020-10-25,0,16,0
EAST_DUNBARTONSHIRE,2021-01-17,0,0,0
EAST_LOTHIAN,2021-01-10,6,2,0.75
EAST_LOTHIAN,2021-01-03,2,4,0.3333333333333333
EAST_LOTHIAN,2020-12-20,0,10,0
EAST_LOTHIAN,2020-12-13,0,6,0
EAST_LOTHIAN,2020-12-06,0,12,0
EAST_LOTHIAN,2020-11-29,0,3,0
EAST_LOTHIAN,2020-10-04,0,3,0
EAST_LOTHIAN,2020-11-15,0,4,0
EAST_LOTHIAN,2020-11-08,0,4,0
EAST_LOTHIAN,2020-10-18,0,7,0
EAST_LOTHIAN,2020-11-01,0,6,0
EAST_LOTHIAN,2020-10-11,0,1,0
EAST_LOTHIAN,2020-09-20,0,7,0
EAST_LOTHIAN,2020-09-27,0,11,0
EAST_LOTHIAN,2020-08-30,0,3,0
EAST_LOTHIAN,2020-09-13,0,15,0
EAST_LOTHIAN,2020-09-06,0,7,0
EAST_LOTHIAN,2020-12-27,0,5,0
EAST_LOTHIAN,2020-11-22,0,1,0
EAST_LOTHIAN,2020-10-25,0,7,0
EAST_LOTHIAN,2021-01-17,0,0,0
EAST_RENFREWSHIRE,2021-01-10,0,0,0
EAST_RENFREWSHIRE,2021-01-03,5,1,0.8333333333333334
EAST_RENFREWSHIRE,2020-12-20,6,3,0.6666666666666666
EAST_RENFREWSHIRE,2020-12-13,6,4,0.6
EAST_RENFREWSHIRE,2020-12-06,0,1,0
EAST_RENFREWSHIRE,2020-11-29,1,10,0.09090909090909091
EAST_RENFREWSHIRE,2020-10-04,0,22,0
EAST_RENFREWSHIRE,2020-11-15,1,8,0.1111111111111111
EAST_RENFREWSHIRE,2020-11-08,0,4,0
EAST_RENFREWSHIRE,2020-10-18,0,7,0
EAST_RENFREWSHIRE,2020-11-01,0,15,0
EAST_RENFREWSHIRE,2020-10-11,0,10,0
EAST_RENFREWSHIRE,2020-09-20,0,12,0
EAST_RENFREWSHIRE,2020-09-27,0,23,0
EAST_RENFREWSHIRE,2020-08-30,0,10,0
EAST_RENFREWSHIRE,2020-09-13,0,18,0
EAST_RENFREWSHIRE,2020-09-06,0,15,0
EAST_RENFREWSHIRE,2020-12-27,2,8,0.2
EAST_RENFREWSHIRE,2020-11-22,1,5,0.16666666666666666
EAST_RENFREWSHIRE,2020-10-25,0,12,0
EAST_RENFREWSHIRE,2021-01-17,0,0,0
EAST_RIDING_OF_YORKSHIRE,2021-01-10,3,0,1
EAST_RIDING_OF_YORKSHIRE,2021-01-03,4,14,0.2222222222222222
EAST_RIDING_OF_YORKSHIRE,2020-12-20,1,32,0.030303030303030304
EAST_RIDING_OF_YORKSHIRE,2020-12-13,1,32,0.030303030303030304
EAST_RIDING_OF_YORKSHIRE,2020-12-06,0,31,0
EAST_RIDING_OF_YORKSHIRE,2020-11-29,0,3,0
EAST_RIDING_OF_YORKSHIRE,2020-10-04,0,54,0
EAST_RIDING_OF_YORKSHIRE,2020-11-15,0,40,0
EAST_RIDING_OF_YORKSHIRE,2020-11-08,1,250,0.00398406374501992
EAST_RIDING_OF_YORKSHIRE,2020-10-18,0,25,0
EAST_RIDING_OF_YORKSHIRE,2020-11-01,0,182,0
EAST_RIDING_OF_YORKSHIRE,2020-10-11,0,54,0
EAST_RIDING_OF_YORKSHIRE,2020-09-20,0,29,0
EAST_RIDING_OF_YORKSHIRE,2020-09-27,0,23,0
EAST_RIDING_OF_YORKSHIRE,2020-08-30,0,2,0
EAST_RIDING_OF_YORKSHIRE,2020-09-13,0,8,0
EAST_RIDING_OF_YORKSHIRE,2020-09-06,0,11,0
EAST_RIDING_OF_YORKSHIRE,2020-12-27,3,6,0.3333333333333333
EAST_RIDING_OF_YORKSHIRE,2020-11-22,0,16,0
EAST_RIDING_OF_YORKSHIRE,2020-10-25,0,63,0
EAST_RIDING_OF_YORKSHIRE,2021-01-17,0,0,0
ESSEX,2021-01-10,56,2,0.9655172413793104
ESSEX,2021-01-03,230,15,0.9387755102040817
ESSEX,2020-12-20,202,39,0.8381742738589212
ESSEX,2020-12-13,520,125,0.8062015503875969
ESSEX,2020-12-06,193,87,0.6892857142857143
ESSEX,2020-11-29,32,30,0.5161290322580645
ESSEX,2020-10-04,0,105,0
ESSEX,2020-11-15,51,150,0.2537313432835821
ESSEX,2020-11-08,44,267,0.1414790996784566
ESSEX,2020-10-18,1,210,0.004739336492890996
ESSEX,2020-11-01,9,244,0.03557312252964427
ESSEX,2020-10-11,0,186,0
ESSEX,2020-09-20,0,70,0
ESSEX,2020-09-27,0,50,0
ESSEX,2020-08-30,0,29,0
ESSEX,2020-09-13,0,23,0
ESSEX,2020-09-06,0,36,0
ESSEX,2020-12-27,264,15,0.946236559139785
ESSEX,2020-11-22,36,73,0.3302752293577982
ESSEX,2020-10-25,2,105,0.018691588785046728
ESSEX,2021-01-17,0,0,0
FALKIRK,2021-01-10,0,0,0
FALKIRK,2021-01-03,8,2,0.8
FALKIRK,2020-12-20,2,2,0.5
FALKIRK,2020-12-13,1,0,1
FALKIRK,2020-12-06,0,12,0
FALKIRK,2020-11-29,1,6,0.14285714285714285
FALKIRK,2020-10-04,0,8,0
FALKIRK,2020-11-15,0,0,0
FALKIRK,2020-11-08,0,2,0
FALKIRK,2020-10-18,0,22,0
FALKIRK,2020-11-01,0,0,0
FALKIRK,2020-10-11,0,3,0
FALKIRK,2020-09-20,0,12,0
FALKIRK,2020-09-27,0,14,0
FALKIRK,2020-08-30,0,3,0
FALKIRK,2020-09-13,0,11,0
FALKIRK,2020-09-06,0,8,0
FALKIRK,2020-12-27,2,2,0.5
FALKIRK,2020-11-22,0,0,0
FALKIRK,2020-10-25,0,2,0
FALKIRK,2021-01-17,0,0,0
FIFE,2021-01-10,1,1,0.5
FIFE,2021-01-03,4,16,0.2
FIFE,2020-12-20,0,13,0
FIFE,2020-12-13,1,0,1
FIFE,2020-12-06,0,12,0
FIFE,2020-11-29,0,1,0
FIFE,2020-10-04,0,17,0
FIFE,2020-11-15,0,5,0
FIFE,2020-11-08,0,16,0
FIFE,2020-10-18,0,17,0
FIFE,2020-11-01,0,20,0
FIFE,2020-10-11,0,12,0
FIFE,2020-09-20,0,32,0
FIFE,2020-09-27,0,26,0
FIFE,2020-08-30,0,3,0
FIFE,2020-09-13,0,18,0
FIFE,2020-09-06,0,9,0
FIFE,2020-12-27,0,2,0
FIFE,2020-11-22,0,1,0
FIFE,2020-10-25,0,28,0
FIFE,2021-01-17,0,0,0
GLASGOW,2021-01-10,6,0,1
GLASGOW,2021-01-03,77,28,0.7333333333333333
GLASGOW,2020-12-20,7,31,0.18421052631578946
GLASGOW,2020-12-13,14,39,0.2641509433962264
GLASGOW,2020-12-06,9,38,0.19148936170212766
GLASGOW,2020-11-29,6,30,0.16666666666666666
GLASGOW,2020-10-04,0,181,0
GLASGOW,2020-11-15,3,52,0.05454545454545454
GLASGOW,2020-11-08,2,88,0.022222222222222223
GLASGOW,2020-10-18,0,130,0
GLASGOW,2020-11-01,1,75,0.013157894736842105
GLASGOW,2020-10-11,0,75,0
GLASGOW,2020-09-20,0,324,0
GLASGOW,2020-09-27,0,344,0
GLASGOW,2020-08-30,0,63,0
GLASGOW,2020-09-13,0,122,0
GLASGOW,2020-09-06,0,105,0
GLASGOW,2020-12-27,22,12,0.6470588235294118
GLASGOW,2020-11-22,2,32,0.058823529411764705
GLASGOW,2020-10-25,0,131,0
GLASGOW,2021-01-17,0,0,0
GLOUCESTERSHIRE,2021-01-10,3,3,0.5
GLOUCESTERSHIRE,2021-01-03,28,8,0.7777777777777778
GLOUCESTERSHIRE,2020-12-20,9,16,0.36
GLOUCESTERSHIRE,2020-12-13,4,18,0.18181818181818182
GLOUCESTERSHIRE,2020-12-06,3,21,0.125
GLOUCESTERSHIRE,2020-11-29,0,3,0
GLOUCESTERSHIRE,2020-10-04,0,23,0
GLOUCESTERSHIRE,2020-11-15,0,15,0
GLOUCESTERSHIRE,2020-11-08,1,44,0.022222222222222223
GLOUCESTERSHIRE,2020-10-18,0,16,0
GLOUCESTERSHIRE,2020-11-01,0,24,0
GLOUCESTERSHIRE,2020-10-11,0,22,0
GLOUCESTERSHIRE,2020-09-20,0,15,0
GLOUCESTERSHIRE,2020-09-27,0,16,0
GLOUCESTERSHIRE,2020-08-30,0,9,0
GLOUCESTERSHIRE,2020-09-13,0,9,0
GLOUCESTERSHIRE,2020-09-06,0,12,0
GLOUCESTERSHIRE,2020-12-27,17,8,0.68
GLOUCESTERSHIRE,2020-11-22,0,10,0
GLOUCESTERSHIRE,2020-10-25,0,4,0
GLOUCESTERSHIRE,2021-01-17,0,0,0
GREATER_MANCHESTER,2021-01-10,103,38,0.7304964539007093
GREATER_MANCHESTER,2021-01-03,248,125,0.6648793565683646
GREATER_MANCHESTER,2020-12-20,46,144,0.24210526315789474
GREATER_MANCHESTER,2020-12-13,26,145,0.15204678362573099
GREATER_MANCHESTER,2020-12-06,17,280,0.05723905723905724
GREATER_MANCHESTER,2020-11-29,6,149,0.03870967741935484
GREATER_MANCHESTER,2020-10-04,0,487,0
GREATER_MANCHESTER,2020-11-15,0,288,0
GREATER_MANCHESTER,2020-11-08,2,919,0.002171552660152009
GREATER_MANCHESTER,2020-10-18,0,393,0
GREATER_MANCHESTER,2020-11-01,0,1072,0
GREATER_MANCHESTER,2020-10-11,0,622,0
GREATER_MANCHESTER,2020-09-20,0,451,0
GREATER_MANCHESTER,2020-09-27,0,177,0
GREATER_MANCHESTER,2020-08-30,0,50,0
GREATER_MANCHESTER,2020-09-13,0,428,0
GREATER_MANCHESTER,2020-09-06,0,291,0
GREATER_MANCHESTER,2020-12-27,154,175,0.46808510638297873
GREATER_MANCHESTER,2020-11-22,1,266,0.003745318352059925
GREATER_MANCHESTER,2020-10-25,0,370,0
GREATER_MANCHESTER,2021-01-17,0,0,0
GWYNEDD,2021-01-10,10,3,0.7692307692307693
GWYNEDD,2021-01-03,25,8,0.7575757575757576
GWYNEDD,2020-12-20,1,19,0.05
GWYNEDD,2020-12-13,2,21,0.08695652173913043
GWYNEDD,2020-12-06,0,27,0
GWYNEDD,2020-11-29,0,17,0
GWYNEDD,2020-10-04,0,45,0
GWYNEDD,2020-11-15,0,8,0
GWYNEDD,2020-11-08,0,23,0
GWYNEDD,2020-10-18,0,27,0
GWYNEDD,2020-11-01,0,13,0
GWYNEDD,2020-10-11,0,26,0
GWYNEDD,2020-09-20,0,3,0
GWYNEDD,2020-09-27,0,16,0
GWYNEDD,2020-08-30,0,1,0
GWYNEDD,2020-09-13,0,5,0
GWYNEDD,2020-09-06,0,3,0
GWYNEDD,2020-12-27,5,7,0.4166666666666667
GWYNEDD,2020-11-22,0,11,0
GWYNEDD,2020-10-25,0,20,0
GWYNEDD,2021-01-17,0,0,0
HAMPSHIRE,2021-01-10,101,19,0.8416666666666667
HAMPSHIRE,2021-01-03,117,5,0.9590163934426229
HAMPSHIRE,2020-12-20,100,55,0.6451612903225806
HAMPSHIRE,2020-12-13,185,159,0.5377906976744186
HAMPSHIRE,2020-12-06,43,67,0.39090909090909093
HAMPSHIRE,2020-11-29,6,23,0.20689655172413793
HAMPSHIRE,2020-10-04,0,121,0
HAMPSHIRE,2020-11-15,2,49,0.0392156862745098
HAMPSHIRE,2020-11-08,6,166,0.03488372093023256
HAMPSHIRE,2020-10-18,2,164,0.012048192771084338
HAMPSHIRE,2020-11-01,2,78,0.025
HAMPSHIRE,2020-10-11,0,113,0
HAMPSHIRE,2020-09-20,0,50,0
HAMPSHIRE,2020-09-27,1,63,0.015625
HAMPSHIRE,2020-08-30,0,29,0
HAMPSHIRE,2020-09-13,0,25,0
HAMPSHIRE,2020-09-06,0,29,0
HAMPSHIRE,2020-12-27,119,11,0.9153846153846154
HAMPSHIRE,2020-11-22,7,46,0.1320754716981132
HAMPSHIRE,2020-10-25,0,58,0
HAMPSHIRE,2021-01-17,2,0,1
HEREFORDSHIRE,2021-01-10,0,0,0
HEREFORDSHIRE,2021-01-03,7,4,0.6363636363636364
HEREFORDSHIRE,2020-12-20,4,0,1
HEREFORDSHIRE,2020-12-13,3,14,0.17647058823529413
HEREFORDSHIRE,2020-12-06,0,0,0
HEREFORDSHIRE,2020-11-29,0,1,0
HEREFORDSHIRE,2020-10-04,0,7,0
HEREFORDSHIRE,2020-11-15,0,6,0
HEREFORDSHIRE,2020-11-08,0,8,0
HEREFORDSHIRE,2020-10-18,0,3,0
HEREFORDSHIRE,2020-11-01,1,9,0.1
HEREFORDSHIRE,2020-10-11,0,3,0
HEREFORDSHIRE,2020-09-20,0,3,0
HEREFORDSHIRE,2020-09-27,0,1,0
HEREFORDSHIRE,2020-08-30,0,0,0
HEREFORDSHIRE,2020-09-13,0,2,0
HEREFORDSHIRE,2020-09-06,0,3,0
HEREFORDSHIRE,2020-12-27,9,4,0.6923076923076923
HEREFORDSHIRE,2020-11-22,0,0,0
HEREFORDSHIRE,2020-10-25,0,1,0
HEREFORDSHIRE,2021-01-17,0,0,0
HERTFORDSHIRE,2021-01-10,103,16,0.865546218487395
HERTFORDSHIRE,2021-01-03,145,17,0.8950617283950617
HERTFORDSHIRE,2020-12-20,174,53,0.7665198237885462
HERTFORDSHIRE,2020-12-13,236,101,0.7002967359050445
HERTFORDSHIRE,2020-12-06,113,60,0.653179190751445
HERTFORDSHIRE,2020-11-29,11,28,0.28205128205128205
HERTFORDSHIRE,2020-10-04,0,46,0
HERTFORDSHIRE,2020-11-15,8,96,0.07692307692307693
HERTFORDSHIRE,2020-11-08,8,146,0.05194805194805195
HERTFORDSHIRE,2020-10-18,0,159,0
HERTFORDSHIRE,2020-11-01,2,100,0.0196078431372549
HERTFORDSHIRE,2020-10-11,0,104,0
HERTFORDSHIRE,2020-09-20,0,53,0
HERTFORDSHIRE,2020-09-27,0,62,0
HERTFORDSHIRE,2020-08-30,0,55,0
HERTFORDSHIRE,2020-09-13,0,23,0
HERTFORDSHIRE,2020-09-06,0,38,0
HERTFORDSHIRE,2020-12-27,201,17,0.9220183486238532
HERTFORDSHIRE,2020-11-22,11,40,0.21568627450980393
HERTFORDSHIRE,2020-10-25,0,43,0
HERTFORDSHIRE,2021-01-17,3,0,1
HIGHLAND,2021-01-10,0,0,0
HIGHLAND,2021-01-03,13,3,0.8125
HIGHLAND,2020-12-20,1,0,1
HIGHLAND,2020-12-13,1,0,1
HIGHLAND,2020-12-06,0,5,0
HIGHLAND,2020-11-29,0,0,0
HIGHLAND,2020-10-04,0,1,0
HIGHLAND,2020-11-15,0,0,0
HIGHLAND,2020-11-08,0,8,0
HIGHLAND,2020-10-18,0,2,0
HIGHLAND,2020-11-01,0,0,0
HIGHLAND,2020-10-11,0,0,0
HIGHLAND,2020-09-20,0,2,0
HIGHLAND,2020-09-27,0,10,0
HIGHLAND,2020-08-30,0,9,0
HIGHLAND,2020-09-13,0,8,0
HIGHLAND,2020-09-06,0,3,0
HIGHLAND,2020-12-27,10,8,0.5555555555555556
HIGHLAND,2020-11-22,0,0,0
HIGHLAND,2020-10-25,0,3,0
HIGHLAND,2021-01-17,0,0,0
INVERCLYDE,2021-01-10,0,0,0
INVERCLYDE,2021-01-03,8,1,0.8888888888888888
INVERCLYDE,2020-12-20,3,15,0.16666666666666666
INVERCLYDE,2020-12-13,5,2,0.7142857142857143
INVERCLYDE,2020-12-06,0,0,0
INVERCLYDE,2020-11-29,1,3,0.25
INVERCLYDE,2020-10-04,0,3,0
INVERCLYDE,2020-11-15,0,3,0
INVERCLYDE,2020-11-08,0,2,0
INVERCLYDE,2020-10-18,0,6,0
INVERCLYDE,2020-11-01,0,2,0
INVERCLYDE,2020-10-11,0,4,0
INVERCLYDE,2020-09-20,0,6,0
INVERCLYDE,2020-09-27,0,4,0
INVERCLYDE,2020-08-30,0,1,0
INVERCLYDE,2020-09-13,0,2,0
INVERCLYDE,2020-09-06,0,2,0
INVERCLYDE,2020-12-27,3,2,0.6
INVERCLYDE,2020-11-22,0,4,0
INVERCLYDE,2020-10-25,0,4,0
INVERCLYDE,2021-01-17,0,0,0
KENT,2021-01-10,51,5,0.9107142857142857
KENT,2021-01-03,207,20,0.9118942731277533
KENT,2020-12-20,127,12,0.9136690647482014
KENT,2020-12-13,544,57,0.9051580698835274
KENT,2020-12-06,406,44,0.9022222222222223
KENT,2020-11-29,112,27,0.8057553956834532
KENT,2020-10-04,0,42,0
KENT,2020-11-15,167,109,0.605072463768116
KENT,2020-11-08,243,198,0.5510204081632653
KENT,2020-10-18,24,109,0.18045112781954886
KENT,2020-11-01,93,188,0.3309608540925267
KENT,2020-10-11,5,70,0.06666666666666667
KENT,2020-09-20,1,45,0.021739130434782608
KENT,2020-09-27,1,26,0.037037037037037035
KENT,2020-08-30,0,13,0
KENT,2020-09-13,0,11,0
KENT,2020-09-06,0,12,0
KENT,2020-12-27,323,34,0.9047619047619048
KENT,2020-11-22,222,46,0.8283582089552238
KENT,2020-10-25,14,47,0.22950819672131148
KENT,2021-01-17,0,0,0
LEICESTERSHIRE,2021-01-10,16,3,0.8421052631578947
LEICESTERSHIRE,2021-01-03,30,8,0.7894736842105263
LEICESTERSHIRE,2020-12-20,3,9,0.25
LEICESTERSHIRE,2020-12-13,8,42,0.16
LEICESTERSHIRE,2020-12-06,5,72,0.06493506493506493
LEICESTERSHIRE,2020-11-29,2,31,0.06060606060606061
LEICESTERSHIRE,2020-10-04,0,39,0
LEICESTERSHIRE,2020-11-15,5,236,0.02074688796680498
LEICESTERSHIRE,2020-11-08,4,180,0.021739130434782608
LEICESTERSHIRE,2020-10-18,0,54,0
LEICESTERSHIRE,2020-11-01,0,65,0
LEICESTERSHIRE,2020-10-11,0,32,0
LEICESTERSHIRE,2020-09-20,0,83,0
LEICESTERSHIRE,2020-09-27,0,14,0
LEICESTERSHIRE,2020-08-30,0,19,0
LEICESTERSHIRE,2020-09-13,0,43,0
LEICESTERSHIRE,2020-09-06,0,84,0
LEICESTERSHIRE,2020-12-27,5,0,1
LEICESTERSHIRE,2020-11-22,1,30,0.03225806451612903
LEICESTERSHIRE,2020-10-25,0,37,0
LEICESTERSHIRE,2021-01-17,0,0,0
LINCOLNSHIRE,2021-01-10,7,1,0.875
LINCOLNSHIRE,2021-01-03,14,11,0.56
LINCOLNSHIRE,2020-12-20,11,32,0.2558139534883721
LINCOLNSHIRE,2020-12-13,15,85,0.15
LINCOLNSHIRE,2020-12-06,2,81,0.024096385542168676
LINCOLNSHIRE,2020-11-29,0,40,0
LINCOLNSHIRE,2020-10-04,0,37,0
LINCOLNSHIRE,2020-11-15,1,90,0.01098901098901099
LINCOLNSHIRE,2020-11-08,0,223,0
LINCOLNSHIRE,2020-10-18,0,51,0
LINCOLNSHIRE,2020-11-01,0,127,0
LINCOLNSHIRE,2020-10-11,0,39,0
LINCOLNSHIRE,2020-09-20,0,41,0
LINCOLNSHIRE,2020-09-27,0,34,0
LINCOLNSHIRE,2020-08-30,0,6,0
LINCOLNSHIRE,2020-09-13,0,23,0
LINCOLNSHIRE,2020-09-06,0,27,0
LINCOLNSHIRE,2020-12-27,12,32,0.2727272727272727
LINCOLNSHIRE,2020-11-22,0,123,0
LINCOLNSHIRE,2020-10-25,0,34,0
LINCOLNSHIRE,2021-01-17,0,0,0
LISBURN_AND_CASTLEREAGH,2021-01-10,0,0,0
LISBURN_AND_CASTLEREAGH,2021-01-03,0,0,0
LISBURN_AND_CASTLEREAGH,2020-12-20,0,0,0
LISBURN_AND_CASTLEREAGH,2020-12-13,0,0,0
LISBURN_AND_CASTLEREAGH,2020-12-06,0,0,0
LISBURN_AND_CASTLEREAGH,2020-11-29,0,0,0
LISBURN_AND_CASTLEREAGH,2020-10-04,0,3,0
LISBURN_AND_CASTLEREAGH,2020-11-15,0,0,0
LISBURN_AND_CASTLEREAGH,2020-11-08,0,0,0
LISBURN_AND_CASTLEREAGH,2020-10-18,0,0,0
LISBURN_AND_CASTLEREAGH,2020-11-01,0,0,0
LISBURN_AND_CASTLEREAGH,2020-10-11,0,0,0
LISBURN_AND_CASTLEREAGH,2020-09-20,0,0,0
LISBURN_AND_CASTLEREAGH,2020-09-27,0,0,0
LISBURN_AND_CASTLEREAGH,2020-08-30,0,0,0
LISBURN_AND_CASTLEREAGH,2020-09-13,0,0,0
LISBURN_AND_CASTLEREAGH,2020-09-06,0,0,0
LISBURN_AND_CASTLEREAGH,2020-12-27,0,0,0
LISBURN_AND_CASTLEREAGH,2020-11-22,0,0,0
LISBURN_AND_CASTLEREAGH,2020-10-25,0,0,0
LISBURN_AND_CASTLEREAGH,2021-01-17,0,0,0
MERSEYSIDE,2021-01-10,212,85,0.7138047138047138
MERSEYSIDE,2021-01-03,227,171,0.5703517587939698
MERSEYSIDE,2020-12-20,39,61,0.39
MERSEYSIDE,2020-12-13,19,133,0.125
MERSEYSIDE,2020-12-06,3,124,0.023622047244094488
MERSEYSIDE,2020-11-29,1,36,0.02702702702702703
MERSEYSIDE,2020-10-04,0,367,0
MERSEYSIDE,2020-11-15,1,97,0.01020408163265306
MERSEYSIDE,2020-11-08,0,235,0
MERSEYSIDE,2020-10-18,0,221,0
MERSEYSIDE,2020-11-01,1,300,0.0033222591362126247
MERSEYSIDE,2020-10-11,0,454,0
MERSEYSIDE,2020-09-20,0,347,0
MERSEYSIDE,2020-09-27,0,84,0
MERSEYSIDE,2020-08-30,0,29,0
MERSEYSIDE,2020-09-13,0,245,0
MERSEYSIDE,2020-09-06,0,169,0
MERSEYSIDE,2020-12-27,109,135,0.44672131147540983
MERSEYSIDE,2020-11-22,0,127,0
MERSEYSIDE,2020-10-25,0,145,0
MERSEYSIDE,2021-01-17,0,0,0
MERTHYR_TYDFIL,2021-01-10,1,11,0.08333333333333333
MERTHYR_TYDFIL,2021-01-03,2,12,0.14285714285714285
MERTHYR_TYDFIL,2020-12-20,0,20,0
MERTHYR_TYDFIL,2020-12-13,0,109,0
MERTHYR_TYDFIL,2020-12-06,0,81,0
MERTHYR_TYDFIL,2020-11-29,0,66,0
MERTHYR_TYDFIL,2020-10-04,0,40,0
MERTHYR_TYDFIL,2020-11-15,0,16,0
MERTHYR_TYDFIL,2020-11-08,0,41,0
MERTHYR_TYDFIL,2020-10-18,0,57,0
MERTHYR_TYDFIL,2020-11-01,0,57,0
MERTHYR_TYDFIL,2020-10-11,0,18,0
MERTHYR_TYDFIL,2020-09-20,0,51,0
MERTHYR_TYDFIL,2020-09-27,0,24,0
MERTHYR_TYDFIL,2020-08-30,0,0,0
MERTHYR_TYDFIL,2020-09-13,0,44,0
MERTHYR_TYDFIL,2020-09-06,0,5,0
MERTHYR_TYDFIL,2020-12-27,2,23,0.08
MERTHYR_TYDFIL,2020-11-22,0,51,0
MERTHYR_TYDFIL,2020-10-25,0,46,0
MERTHYR_TYDFIL,2021-01-17,0,0,0
MID_AND_EAST_ANTRIM,2021-01-10,0,0,0
MID_AND_EAST_ANTRIM,2021-01-03,0,0,0
MID_AND_EAST_ANTRIM,2020-12-20,0,0,0
MID_AND_EAST_ANTRIM,2020-12-13,0,0,0
MID_AND_EAST_ANTRIM,2020-12-06,0,0,0
MID_AND_EAST_ANTRIM,2020-11-29,0,0,0
MID_AND_EAST_ANTRIM,2020-10-04,0,1,0
MID_AND_EAST_ANTRIM,2020-11-15,0,0,0
MID_AND_EAST_ANTRIM,2020-11-08,0,0,0
MID_AND_EAST_ANTRIM,2020-10-18,0,0,0
MID_AND_EAST_ANTRIM,2020-11-01,0,0,0
MID_AND_EAST_ANTRIM,2020-10-11,0,0,0
MID_AND_EAST_ANTRIM,2020-09-20,0,0,0
MID_AND_EAST_ANTRIM,2020-09-27,0,0,0
MID_AND_EAST_ANTRIM,2020-08-30,0,0,0
MID_AND_EAST_ANTRIM,2020-09-13,0,0,0
MID_AND_EAST_ANTRIM,2020-09-06,0,0,0
MID_AND_EAST_ANTRIM,2020-12-27,0,0,0
MID_AND_EAST_ANTRIM,2020-11-22,0,0,0
MID_AND_EAST_ANTRIM,2020-10-25,0,0,0
MID_AND_EAST_ANTRIM,2021-01-17,0,0,0
NORTH_YORKSHIRE,2021-01-10,34,7,0.8292682926829268
NORTH_YORKSHIRE,2021-01-03,88,24,0.7857142857142857
NORTH_YORKSHIRE,2020-12-20,16,21,0.43243243243243246
NORTH_YORKSHIRE,2020-12-13,20,77,0.20618556701030927
NORTH_YORKSHIRE,2020-12-06,14,102,0.1206896551724138
NORTH_YORKSHIRE,2020-11-29,2,41,0.046511627906976744
NORTH_YORKSHIRE,2020-10-04,0,109,0
NORTH_YORKSHIRE,2020-11-15,0,70,0
NORTH_YORKSHIRE,2020-11-08,0,154,0
NORTH_YORKSHIRE,2020-10-18,0,98,0
NORTH_YORKSHIRE,2020-11-01,0,177,0
NORTH_YORKSHIRE,2020-10-11,0,128,0
NORTH_YORKSHIRE,2020-09-20,0,71,0
NORTH_YORKSHIRE,2020-09-27,0,116,0
NORTH_YORKSHIRE,2020-08-30,0,22,0
NORTH_YORKSHIRE,2020-09-13,0,53,0
NORTH_YORKSHIRE,2020-09-06,0,58,0
NORTH_YORKSHIRE,2020-12-27,31,26,0.543859649122807
NORTH_YORKSHIRE,2020-11-22,0,63,0
NORTH_YORKSHIRE,2020-10-25,0,74,0
NORTH_YORKSHIRE,2021-01-17,0,0,0
MIDLOTHIAN,2021-01-10,0,0,0
MIDLOTHIAN,2021-01-03,1,6,0.14285714285714285
MIDLOTHIAN,2020-12-20,0,7,0
MIDLOTHIAN,2020-12-13,0,6,0
MIDLOTHIAN,2020-12-06,1,19,0.05
MIDLOTHIAN,2020-11-29,0,4,0
MIDLOTHIAN,2020-10-04,0,7,0
MIDLOTHIAN,2020-11-15,0,8,0
MIDLOTHIAN,2020-11-08,0,1,0
MIDLOTHIAN,2020-10-18,0,15,0
MIDLOTHIAN,2020-11-01,0,6,0
MIDLOTHIAN,2020-10-11,0,8,0
MIDLOTHIAN,2020-09-20,0,10,0
MIDLOTHIAN,2020-09-27,0,9,0
MIDLOTHIAN,2020-08-30,0,0,0
MIDLOTHIAN,2020-09-13,0,8,0
MIDLOTHIAN,2020-09-06,0,4,0
MIDLOTHIAN,2020-12-27,0,0,0
MIDLOTHIAN,2020-11-22,0,6,0
MIDLOTHIAN,2020-10-25,0,11,0
MIDLOTHIAN,2021-01-17,0,0,0
MONMOUTHSHIRE,2021-01-10,4,8,0.3333333333333333
MONMOUTHSHIRE,2021-01-03,11,8,0.5789473684210527
MONMOUTHSHIRE,2020-12-20,1,19,0.05
MONMOUTHSHIRE,2020-12-13,6,38,0.13636363636363635
MONMOUTHSHIRE,2020-12-06,0,34,0
MONMOUTHSHIRE,2020-11-29,1,23,0.041666666666666664
MONMOUTHSHIRE,2020-10-04,0,12,0
MONMOUTHSHIRE,2020-11-15,0,13,0
MONMOUTHSHIRE,2020-11-08,0,26,0
MONMOUTHSHIRE,2020-10-18,0,26,0
MONMOUTHSHIRE,2020-11-01,0,27,0
MONMOUTHSHIRE,2020-10-11,0,16,0
MONMOUTHSHIRE,2020-09-20,0,5,0
MONMOUTHSHIRE,2020-09-27,0,7,0
MONMOUTHSHIRE,2020-08-30,0,0,0
MONMOUTHSHIRE,2020-09-13,0,2,0
MONMOUTHSHIRE,2020-09-06,0,1,0
MONMOUTHSHIRE,2020-12-27,2,8,0.2
MONMOUTHSHIRE,2020-11-22,0,30,0
MONMOUTHSHIRE,2020-10-25,0,33,0
MONMOUTHSHIRE,2021-01-17,0,0,0
MORAY,2021-01-10,0,0,0
MORAY,2021-01-03,4,4,0.5
MORAY,2020-12-20,0,0,0
MORAY,2020-12-13,0,0,0
MORAY,2020-12-06,0,0,0
MORAY,2020-11-29,0,0,0
MORAY,2020-10-04,0,3,0
MORAY,2020-11-15,0,0,0
MORAY,2020-11-08,0,2,0
MORAY,2020-10-18,0,0,0
MORAY,2020-11-01,0,0,0
MORAY,2020-10-11,0,3,0
MORAY,2020-09-20,0,0,0
MORAY,2020-09-27,0,0,0
MORAY,2020-08-30,0,1,0
MORAY,2020-09-13,0,1,0
MORAY,2020-09-06,0,2,0
MORAY,2020-12-27,0,7,0
MORAY,2020-11-22,0,0,0
MORAY,2020-10-25,0,0,0
MORAY,2021-01-17,0,0,0
EILEAN_SIAR,2021-01-10,0,0,0
EILEAN_SIAR,2021-01-03,0,0,0
EILEAN_SIAR,2020-12-20,0,0,0
EILEAN_SIAR,2020-12-13,0,0,0
EILEAN_SIAR,2020-12-06,0,0,0
EILEAN_SIAR,2020-11-29,0,0,0
EILEAN_SIAR,2020-10-04,0,0,0
EILEAN_SIAR,2020-11-15,0,0,0
EILEAN_SIAR,2020-11-08,0,0,0
EILEAN_SIAR,2020-10-18,0,0,0
EILEAN_SIAR,2020-11-01,0,0,0
EILEAN_SIAR,2020-10-11,0,0,0
EILEAN_SIAR,2020-09-20,0,1,0
EILEAN_SIAR,2020-09-27,0,2,0
EILEAN_SIAR,2020-08-30,0,0,0
EILEAN_SIAR,2020-09-13,0,0,0
EILEAN_SIAR,2020-09-06,0,0,0
EILEAN_SIAR,2020-12-27,0,0,0
EILEAN_SIAR,2020-11-22,0,0,0
EILEAN_SIAR,2020-10-25,0,0,0
EILEAN_SIAR,2021-01-17,0,0,0
NEATH_PORT_TALBOT,2021-01-10,16,29,0.35555555555555557
NEATH_PORT_TALBOT,2021-01-03,28,53,0.345679012345679
NEATH_PORT_TALBOT,2020-12-20,29,175,0.14215686274509803
NEATH_PORT_TALBOT,2020-12-13,21,260,0.07473309608540925
NEATH_PORT_TALBOT,2020-12-06,8,280,0.027777777777777776
NEATH_PORT_TALBOT,2020-11-29,3,190,0.015544041450777202
NEATH_PORT_TALBOT,2020-10-04,0,38,0
NEATH_PORT_TALBOT,2020-11-15,0,66,0
NEATH_PORT_TALBOT,2020-11-08,0,75,0
NEATH_PORT_TALBOT,2020-10-18,0,93,0
NEATH_PORT_TALBOT,2020-11-01,0,52,0
NEATH_PORT_TALBOT,2020-10-11,0,50,0
NEATH_PORT_TALBOT,2020-09-20,0,17,0
NEATH_PORT_TALBOT,2020-09-27,0,21,0
NEATH_PORT_TALBOT,2020-08-30,0,6,0
NEATH_PORT_TALBOT,2020-09-13,0,7,0
NEATH_PORT_TALBOT,2020-09-06,0,9,0
NEATH_PORT_TALBOT,2020-12-27,14,73,0.16091954022988506
NEATH_PORT_TALBOT,2020-11-22,0,145,0
NEATH_PORT_TALBOT,2020-10-25,0,94,0
NEATH_PORT_TALBOT,2021-01-17,0,0,0
NEWPORT,2021-01-10,10,14,0.4166666666666667
NEWPORT,2021-01-03,14,18,0.4375
NEWPORT,2020-12-20,12,54,0.18181818181818182
NEWPORT,2020-12-13,8,133,0.05673758865248227
NEWPORT,2020-12-06,2,100,0.0196078431372549
NEWPORT,2020-11-29,0,71,0
NEWPORT,2020-10-04,0,24,0
NEWPORT,2020-11-15,1,51,0.019230769230769232
NEWPORT,2020-11-08,0,42,0
NEWPORT,2020-10-18,0,42,0
NEWPORT,2020-11-01,0,41,0
NEWPORT,2020-10-11,0,13,0
NEWPORT,2020-09-20,0,29,0
NEWPORT,2020-09-27,0,11,0
NEWPORT,2020-08-30,0,2,0
NEWPORT,2020-09-13,0,27,0
NEWPORT,2020-09-06,0,35,0
NEWPORT,2020-12-27,13,33,0.2826086956521739
NEWPORT,2020-11-22,0,70,0
NEWPORT,2020-10-25,0,61,0
NEWPORT,2021-01-17,0,0,0
DOWN,2021-01-10,0,0,0
DOWN,2021-01-03,6,10,0.375
DOWN,2020-12-20,2,0,1
DOWN,2020-12-13,0,0,0
DOWN,2020-12-06,0,0,0
DOWN,2020-11-29,0,0,0
DOWN,2020-10-04,0,12,0
DOWN,2020-11-15,0,0,0
DOWN,2020-11-08,0,13,0
DOWN,2020-10-18,0,27,0
DOWN,2020-11-01,0,2,0
DOWN,2020-10-11,0,37,0
DOWN,2020-09-20,0,12,0
DOWN,2020-09-27,0,16,0
DOWN,2020-08-30,0,4,0
DOWN,2020-09-13,0,4,0
DOWN,2020-09-06,0,14,0
DOWN,2020-12-27,10,0,1
DOWN,2020-11-22,0,0,0
DOWN,2020-10-25,0,2,0
DOWN,2021-01-17,0,0,0
NEWRY_MOURNE_AND_DOWN,2021-01-10,0,0,0
NEWRY_MOURNE_AND_DOWN,2021-01-03,0,0,0
NEWRY_MOURNE_AND_DOWN,2020-12-20,0,0,0
NEWRY_MOURNE_AND_DOWN,2020-12-13,0,0,0
NEWRY_MOURNE_AND_DOWN,2020-12-06,0,0,0
NEWRY_MOURNE_AND_DOWN,2020-11-29,0,0,0
NEWRY_MOURNE_AND_DOWN,2020-10-04,0,0,0
NEWRY_MOURNE_AND_DOWN,2020-11-15,0,0,0
NEWRY_MOURNE_AND_DOWN,2020-11-08,0,0,0
NEWRY_MOURNE_AND_DOWN,2020-10-18,0,0,0
NEWRY_MOURNE_AND_DOWN,2020-11-01,0,0,0
NEWRY_MOURNE_AND_DOWN,2020-10-11,0,0,0
NEWRY_MOURNE_AND_DOWN,2020-09-20,0,1,0
NEWRY_MOURNE_AND_DOWN,2020-09-27,0,0,0
NEWRY_MOURNE_AND_DOWN,2020-08-30,0,0,0
NEWRY_MOURNE_AND_DOWN,2020-09-13,0,0,0
NEWRY_MOURNE_AND_DOWN,2020-09-06,0,0,0
NEWRY_MOURNE_AND_DOWN,2020-12-27,0,0,0
NEWRY_MOURNE_AND_DOWN,2020-11-22,0,0,0
NEWRY_MOURNE_AND_DOWN,2020-10-25,0,0,0
NEWRY_MOURNE_AND_DOWN,2021-01-17,0,0,0
NORFOLK,2021-01-10,109,31,0.7785714285714286
NORFOLK,2021-01-03,178,18,0.9081632653061225
NORFOLK,2020-12-20,82,88,0.4823529411764706
NORFOLK,2020-12-13,83,108,0.43455497382198954
NORFOLK,2020-12-06,43,156,0.21608040201005024
NORFOLK,2020-11-29,33,126,0.20754716981132076
NORFOLK,2020-10-04,0,44,0
NORFOLK,2020-11-15,24,73,0.24742268041237114
NORFOLK,2020-11-08,45,196,0.18672199170124482
NORFOLK,2020-10-18,0,48,0
NORFOLK,2020-11-01,17,186,0.08374384236453201
NORFOLK,2020-10-11,0,60,0
NORFOLK,2020-09-20,0,23,0
NORFOLK,2020-09-27,0,52,0
NORFOLK,2020-08-30,0,16,0
NORFOLK,2020-09-13,0,18,0
NORFOLK,2020-09-06,0,21,0
NORFOLK,2020-12-27,143,30,0.8265895953757225
NORFOLK,2020-11-22,55,92,0.3741496598639456
NORFOLK,2020-10-25,0,68,0
NORFOLK,2021-01-17,0,0,0
NORTH_AYRSHIRE,2021-01-10,0,0,0
NORTH_AYRSHIRE,2021-01-03,7,7,0.5
NORTH_AYRSHIRE,2020-12-20,1,1,0.5
NORTH_AYRSHIRE,2020-12-13,4,4,0.5
NORTH_AYRSHIRE,2020-12-06,0,9,0
NORTH_AYRSHIRE,2020-11-29,1,6,0.14285714285714285
NORTH_AYRSHIRE,2020-10-04,0,17,0
NORTH_AYRSHIRE,2020-11-15,0,1,0
NORTH_AYRSHIRE,2020-11-08,0,2,0
NORTH_AYRSHIRE,2020-10-18,0,19,0
NORTH_AYRSHIRE,2020-11-01,0,5,0
NORTH_AYRSHIRE,2020-10-11,0,11,0
NORTH_AYRSHIRE,2020-09-20,0,7,0
NORTH_AYRSHIRE,2020-09-27,0,15,0
NORTH_AYRSHIRE,2020-08-30,0,3,0
NORTH_AYRSHIRE,2020-09-13,0,8,0
NORTH_AYRSHIRE,2020-09-06,0,5,0
NORTH_AYRSHIRE,2020-12-27,1,1,0.5
NORTH_AYRSHIRE,2020-11-22,0,0,0
NORTH_AYRSHIRE,2020-10-25,0,14,0
NORTH_AYRSHIRE,2021-01-17,0,0,0
WEST_YORKSHIRE,2021-01-10,25,4,0.8620689655172413
WEST_YORKSHIRE,2021-01-03,87,78,0.5272727272727272
WEST_YORKSHIRE,2020-12-20,33,89,0.27049180327868855
WEST_YORKSHIRE,2020-12-13,10,137,0.06802721088435375
WEST_YORKSHIRE,2020-12-06,17,268,0.05964912280701754
WEST_YORKSHIRE,2020-11-29,0,29,0
WEST_YORKSHIRE,2020-10-04,0,482,0
WEST_YORKSHIRE,2020-11-15,1,293,0.003401360544217687
WEST_YORKSHIRE,2020-11-08,1,764,0.00130718954248366
WEST_YORKSHIRE,2020-10-18,0,280,0
WEST_YORKSHIRE,2020-11-01,0,759,0
WEST_YORKSHIRE,2020-10-11,0,354,0
WEST_YORKSHIRE,2020-09-20,0,266,0
WEST_YORKSHIRE,2020-09-27,0,173,0
WEST_YORKSHIRE,2020-08-30,0,66,0
WEST_YORKSHIRE,2020-09-13,0,159,0
WEST_YORKSHIRE,2020-09-06,0,213,0
WEST_YORKSHIRE,2020-12-27,31,69,0.31
WEST_YORKSHIRE,2020-11-22,1,182,0.00546448087431694
WEST_YORKSHIRE,2020-10-25,0,347,0
WEST_YORKSHIRE,2021-01-17,0,0,0
NORTH_LANARKSHIRE,2021-01-10,3,4,0.42857142857142855
NORTH_LANARKSHIRE,2021-01-03,9,9,0.5
NORTH_LANARKSHIRE,2020-12-20,0,5,0
NORTH_LANARKSHIRE,2020-12-13,9,5,0.6428571428571429
NORTH_LANARKSHIRE,2020-12-06,3,30,0.09090909090909091
NORTH_LANARKSHIRE,2020-11-29,1,10,0.09090909090909091
NORTH_LANARKSHIRE,2020-10-04,0,48,0
NORTH_LANARKSHIRE,2020-11-15,0,3,0
NORTH_LANARKSHIRE,2020-11-08,1,21,0.045454545454545456
NORTH_LANARKSHIRE,2020-10-18,0,71,0
NORTH_LANARKSHIRE,2020-11-01,0,30,0
NORTH_LANARKSHIRE,2020-10-11,0,34,0
NORTH_LANARKSHIRE,2020-09-20,0,67,0
NORTH_LANARKSHIRE,2020-09-27,0,71,0
NORTH_LANARKSHIRE,2020-08-30,0,9,0
NORTH_LANARKSHIRE,2020-09-13,0,45,0
NORTH_LANARKSHIRE,2020-09-06,0,33,0
NORTH_LANARKSHIRE,2020-12-27,9,14,0.391304347826087
NORTH_LANARKSHIRE,2020-11-22,0,2,0
NORTH_LANARKSHIRE,2020-10-25,0,47,0
NORTH_LANARKSHIRE,2021-01-17,0,0,0
NORTHAMPTONSHIRE,2021-01-10,3,0,1
NORTHAMPTONSHIRE,2021-01-03,94,28,0.7704918032786885
NORTHAMPTONSHIRE,2020-12-20,19,10,0.6551724137931034
NORTHAMPTONSHIRE,2020-12-13,25,53,0.32051282051282054
NORTHAMPTONSHIRE,2020-12-06,17,62,0.21518987341772153
NORTHAMPTONSHIRE,2020-11-29,1,6,0.14285714285714285
NORTHAMPTONSHIRE,2020-10-04,0,27,0
NORTHAMPTONSHIRE,2020-11-15,5,90,0.05263157894736842
NORTHAMPTONSHIRE,2020-11-08,2,77,0.02531645569620253
NORTHAMPTONSHIRE,2020-10-18,1,89,0.011111111111111112
NORTHAMPTONSHIRE,2020-11-01,0,35,0
NORTHAMPTONSHIRE,2020-10-11,0,29,0
NORTHAMPTONSHIRE,2020-09-20,0,21,0
NORTHAMPTONSHIRE,2020-09-27,0,16,0
NORTHAMPTONSHIRE,2020-08-30,0,27,0
NORTHAMPTONSHIRE,2020-09-13,0,12,0
NORTHAMPTONSHIRE,2020-09-06,0,34,0
NORTHAMPTONSHIRE,2020-12-27,28,11,0.717948717948718
NORTHAMPTONSHIRE,2020-11-22,0,40,0
NORTHAMPTONSHIRE,2020-10-25,0,8,0
NORTHAMPTONSHIRE,2021-01-17,0,0,0
NORTHUMBERLAND,2021-01-10,3,0,1
NORTHUMBERLAND,2021-01-03,20,13,0.6060606060606061
NORTHUMBERLAND,2020-12-20,19,16,0.5428571428571428
NORTHUMBERLAND,2020-12-13,13,8,0.6190476190476191
NORTHUMBERLAND,2020-12-06,9,20,0.3103448275862069
NORTHUMBERLAND,2020-11-29,0,3,0
NORTHUMBERLAND,2020-10-04,0,11,0
NORTHUMBERLAND,2020-11-15,1,37,0.02631578947368421
NORTHUMBERLAND,2020-11-08,0,19,0
NORTHUMBERLAND,2020-10-18,0,9,0
NORTHUMBERLAND,2020-11-01,0,27,0
NORTHUMBERLAND,2020-10-11,0,13,0
NORTHUMBERLAND,2020-09-20,0,48,0
NORTHUMBERLAND,2020-09-27,0,84,0
NORTHUMBERLAND,2020-08-30,0,11,0
NORTHUMBERLAND,2020-09-13,0,39,0
NORTHUMBERLAND,2020-09-06,0,15,0
NORTHUMBERLAND,2020-12-27,19,30,0.3877551020408163
NORTHUMBERLAND,2020-11-22,0,26,0
NORTHUMBERLAND,2020-10-25,0,21,0
NORTHUMBERLAND,2021-01-17,0,0,0
NOTTINGHAMSHIRE,2021-01-10,33,8,0.8048780487804879
NOTTINGHAMSHIRE,2021-01-03,37,29,0.5606060606060606
NOTTINGHAMSHIRE,2020-12-20,15,64,0.189873417721519
NOTTINGHAMSHIRE,2020-12-13,19,133,0.125
NOTTINGHAMSHIRE,2020-12-06,12,148,0.075
NOTTINGHAMSHIRE,2020-11-29,1,30,0.03225806451612903
NOTTINGHAMSHIRE,2020-10-04,0,228,0
NOTTINGHAMSHIRE,2020-11-15,0,213,0
NOTTINGHAMSHIRE,2020-11-08,1,170,0.005847953216374269
NOTTINGHAMSHIRE,2020-10-18,0,75,0
NOTTINGHAMSHIRE,2020-11-01,0,84,0
NOTTINGHAMSHIRE,2020-10-11,0,140,0
NOTTINGHAMSHIRE,2020-09-20,0,105,0
NOTTINGHAMSHIRE,2020-09-27,0,110,0
NOTTINGHAMSHIRE,2020-08-30,0,16,0
NOTTINGHAMSHIRE,2020-09-13,0,60,0
NOTTINGHAMSHIRE,2020-09-06,0,60,0
NOTTINGHAMSHIRE,2020-12-27,10,17,0.37037037037037035
NOTTINGHAMSHIRE,2020-11-22,0,74,0
NOTTINGHAMSHIRE,2020-10-25,0,128,0
NOTTINGHAMSHIRE,2021-01-17,0,0,0
ORKNEY_ISLANDS,2021-01-10,0,0,0
ORKNEY_ISLANDS,2021-01-03,0,0,0
ORKNEY_ISLANDS,2020-12-20,0,0,0
ORKNEY_ISLANDS,2020-12-13,0,0,0
ORKNEY_ISLANDS,2020-12-06,0,0,0
ORKNEY_ISLANDS,2020-11-29,0,0,0
ORKNEY_ISLANDS,2020-10-04,0,0,0
ORKNEY_ISLANDS,2020-11-15,0,0,0
ORKNEY_ISLANDS,2020-11-08,0,0,0
ORKNEY_ISLANDS,2020-10-18,0,3,0
ORKNEY_ISLANDS,2020-11-01,0,0,0
ORKNEY_ISLANDS,2020-10-11,0,0,0
ORKNEY_ISLANDS,2020-09-20,0,0,0
ORKNEY_ISLANDS,2020-09-27,0,0,0
ORKNEY_ISLANDS,2020-08-30,0,0,0
ORKNEY_ISLANDS,2020-09-13,0,0,0
ORKNEY_ISLANDS,2020-09-06,0,0,0
ORKNEY_ISLANDS,2020-12-27,0,0,0
ORKNEY_ISLANDS,2020-11-22,0,0,0
ORKNEY_ISLANDS,2020-10-25,0,0,0
ORKNEY_ISLANDS,2021-01-17,0,0,0
GREATER_LONDON,2021-01-10,440,35,0.9263157894736842
GREATER_LONDON,2021-01-03,1348,121,0.9176310415248469
GREATER_LONDON,2020-12-20,1067,210,0.8355520751761942
GREATER_LONDON,2020-12-13,1939,594,0.765495459928938
GREATER_LONDON,2020-12-06,929,513,0.644244105409154
GREATER_LONDON,2020-11-29,182,210,0.4642857142857143
GREATER_LONDON,2020-10-04,1,442,0.002257336343115124
GREATER_LONDON,2020-11-15,158,727,0.17853107344632768
GREATER_LONDON,2020-11-08,221,1503,0.12819025522041763
GREATER_LONDON,2020-10-18,3,1344,0.0022271714922048997
GREATER_LONDON,2020-11-01,65,1219,0.050623052959501556
GREATER_LONDON,2020-10-11,0,790,0
GREATER_LONDON,2020-09-20,2,566,0.0035211267605633804
GREATER_LONDON,2020-09-27,1,458,0.002178649237472767
GREATER_LONDON,2020-08-30,0,387,0
GREATER_LONDON,2020-09-13,0,181,0
GREATER_LONDON,2020-09-06,0,444,0
GREATER_LONDON,2020-12-27,1863,186,0.9092240117130308
GREATER_LONDON,2020-11-22,180,422,0.29900332225913623
GREATER_LONDON,2020-10-25,10,407,0.023980815347721823
GREATER_LONDON,2021-01-17,23,4,0.8518518518518519
OXFORDSHIRE,2021-01-10,1,0,1
OXFORDSHIRE,2021-01-03,16,2,0.8888888888888888
OXFORDSHIRE,2020-12-20,26,5,0.8387096774193549
OXFORDSHIRE,2020-12-13,37,28,0.5692307692307692
OXFORDSHIRE,2020-12-06,9,23,0.28125
OXFORDSHIRE,2020-11-29,2,6,0.25
OXFORDSHIRE,2020-10-04,0,40,0
OXFORDSHIRE,2020-11-15,2,20,0.09090909090909091
OXFORDSHIRE,2020-11-08,1,63,0.015625
OXFORDSHIRE,2020-10-18,0,70,0
OXFORDSHIRE,2020-11-01,0,91,0
OXFORDSHIRE,2020-10-11,0,44,0
OXFORDSHIRE,2020-09-20,0,18,0
OXFORDSHIRE,2020-09-27,0,11,0
OXFORDSHIRE,2020-08-30,0,13,0
OXFORDSHIRE,2020-09-13,0,6,0
OXFORDSHIRE,2020-09-06,0,15,0
OXFORDSHIRE,2020-12-27,27,2,0.9310344827586207
OXFORDSHIRE,2020-11-22,0,21,0
OXFORDSHIRE,2020-10-25,0,11,0
OXFORDSHIRE,2021-01-17,0,0,0
PEMBROKESHIRE,2021-01-10,0,2,0
PEMBROKESHIRE,2021-01-03,2,10,0.16666666666666666
PEMBROKESHIRE,2020-12-20,1,2,0.3333333333333333
PEMBROKESHIRE,2020-12-13,0,11,0
PEMBROKESHIRE,2020-12-06,0,5,0
PEMBROKESHIRE,2020-11-29,0,14,0
PEMBROKESHIRE,2020-10-04,0,1,0
PEMBROKESHIRE,2020-11-15,2,7,0.2222222222222222
PEMBROKESHIRE,2020-11-08,0,6,0
PEMBROKESHIRE,2020-10-18,0,4,0
PEMBROKESHIRE,2020-11-01,0,9,0
PEMBROKESHIRE,2020-10-11,0,2,0
PEMBROKESHIRE,2020-09-20,0,1,0
PEMBROKESHIRE,2020-09-27,0,4,0
PEMBROKESHIRE,2020-08-30,0,1,0
PEMBROKESHIRE,2020-09-13,0,2,0
PEMBROKESHIRE,2020-09-06,0,2,0
PEMBROKESHIRE,2020-12-27,0,3,0
PEMBROKESHIRE,2020-11-22,0,5,0
PEMBROKESHIRE,2020-10-25,0,4,0
PEMBROKESHIRE,2021-01-17,0,0,0
PERTHSHIRE_AND_KINROSS,2021-01-10,0,0,0
PERTHSHIRE_AND_KINROSS,2021-01-03,20,14,0.5882352941176471
PERTHSHIRE_AND_KINROSS,2020-12-20,2,15,0.11764705882352941
PERTHSHIRE_AND_KINROSS,2020-12-13,4,5,0.4444444444444444
PERTHSHIRE_AND_KINROSS,2020-12-06,0,4,0
PERTHSHIRE_AND_KINROSS,2020-11-29,0,0,0
PERTHSHIRE_AND_KINROSS,2020-10-04,0,2,0
PERTHSHIRE_AND_KINROSS,2020-11-15,0,0,0
PERTHSHIRE_AND_KINROSS,2020-11-08,0,0,0
PERTHSHIRE_AND_KINROSS,2020-10-18,0,5,0
PERTHSHIRE_AND_KINROSS,2020-11-01,0,11,0
PERTHSHIRE_AND_KINROSS,2020-10-11,0,0,0
PERTHSHIRE_AND_KINROSS,2020-09-20,0,2,0
PERTHSHIRE_AND_KINROSS,2020-09-27,0,9,0
PERTHSHIRE_AND_KINROSS,2020-08-30,0,4,0
PERTHSHIRE_AND_KINROSS,2020-09-13,0,2,0
PERTHSHIRE_AND_KINROSS,2020-09-06,0,2,0
PERTHSHIRE_AND_KINROSS,2020-12-27,1,2,0.3333333333333333
PERTHSHIRE_AND_KINROSS,2020-11-22,0,1,0
PERTHSHIRE_AND_KINROSS,2020-10-25,0,4,0
PERTHSHIRE_AND_KINROSS,2021-01-17,0,0,0
POWYS,2021-01-10,7,4,0.6363636363636364
POWYS,2021-01-03,7,21,0.25
POWYS,2020-12-20,5,12,0.29411764705882354
POWYS,2020-12-13,5,26,0.16129032258064516
POWYS,2020-12-06,0,31,0
POWYS,2020-11-29,0,20,0
POWYS,2020-10-04,0,7,0
POWYS,2020-11-15,0,21,0
POWYS,2020-11-08,0,32,0
POWYS,2020-10-18,0,17,0
POWYS,2020-11-01,0,40,0
POWYS,2020-10-11,0,4,0
POWYS,2020-09-20,0,4,0
POWYS,2020-09-27,0,7,0
POWYS,2020-08-30,0,8,0
POWYS,2020-09-13,0,1,0
POWYS,2020-09-06,0,2,0
POWYS,2020-12-27,7,36,0.16279069767441862
POWYS,2020-11-22,0,16,0
POWYS,2020-10-25,0,30,0
POWYS,2021-01-17,0,0,0
RENFREWSHIRE,2021-01-10,1,1,0.5
RENFREWSHIRE,2021-01-03,5,9,0.35714285714285715
RENFREWSHIRE,2020-12-20,8,19,0.2962962962962963
RENFREWSHIRE,2020-12-13,6,21,0.2222222222222222
RENFREWSHIRE,2020-12-06,1,10,0.09090909090909091
RENFREWSHIRE,2020-11-29,0,17,0
RENFREWSHIRE,2020-10-04,0,49,0
RENFREWSHIRE,2020-11-15,1,38,0.02564102564102564
RENFREWSHIRE,2020-11-08,0,20,0
RENFREWSHIRE,2020-10-18,0,25,0
RENFREWSHIRE,2020-11-01,0,14,0
RENFREWSHIRE,2020-10-11,0,31,0
RENFREWSHIRE,2020-09-20,0,31,0
RENFREWSHIRE,2020-09-27,0,39,0
RENFREWSHIRE,2020-08-30,0,9,0
RENFREWSHIRE,2020-09-13,0,17,0
RENFREWSHIRE,2020-09-06,0,29,0
RENFREWSHIRE,2020-12-27,10,17,0.37037037037037035
RENFREWSHIRE,2020-11-22,1,26,0.037037037037037035
RENFREWSHIRE,2020-10-25,0,22,0
RENFREWSHIRE,2021-01-17,0,0,0
TYNE_AND_WEAR,2021-01-10,37,13,0.74
TYNE_AND_WEAR,2021-01-03,71,32,0.6893203883495146
TYNE_AND_WEAR,2020-12-20,27,67,0.2872340425531915
TYNE_AND_WEAR,2020-12-13,7,66,0.0958904109589041
TYNE_AND_WEAR,2020-12-06,9,111,0.075
TYNE_AND_WEAR,2020-11-29,0,31,0
TYNE_AND_WEAR,2020-10-04,0,110,0
TYNE_AND_WEAR,2020-11-15,0,107,0
TYNE_AND_WEAR,2020-11-08,0,234,0
TYNE_AND_WEAR,2020-10-18,0,126,0
TYNE_AND_WEAR,2020-11-01,0,194,0
TYNE_AND_WEAR,2020-10-11,0,85,0
TYNE_AND_WEAR,2020-09-20,0,251,0
TYNE_AND_WEAR,2020-09-27,0,472,0
TYNE_AND_WEAR,2020-08-30,0,126,0
TYNE_AND_WEAR,2020-09-13,0,270,0
TYNE_AND_WEAR,2020-09-06,0,187,0
TYNE_AND_WEAR,2020-12-27,64,83,0.43537414965986393
TYNE_AND_WEAR,2020-11-22,0,68,0
TYNE_AND_WEAR,2020-10-25,0,178,0
TYNE_AND_WEAR,2021-01-17,0,0,0
JERSEY,2021-01-10,0,0,0
JERSEY,2021-01-03,0,0,0
JERSEY,2020-12-20,0,0,0
JERSEY,2020-12-13,0,0,0
JERSEY,2020-12-06,0,0,0
JERSEY,2020-11-29,0,0,0
JERSEY,2020-10-04,0,0,0
JERSEY,2020-11-15,0,1,0
JERSEY,2020-11-08,0,0,0
JERSEY,2020-10-18,0,0,0
JERSEY,2020-11-01,0,0,0
JERSEY,2020-10-11,0,0,0
JERSEY,2020-09-20,0,0,0
JERSEY,2020-09-27,0,0,0
JERSEY,2020-08-30,0,0,0
JERSEY,2020-09-13,0,0,0
JERSEY,2020-09-06,0,0,0
JERSEY,2020-12-27,0,0,0
JERSEY,2020-11-22,0,0,0
JERSEY,2020-10-25,0,0,0
JERSEY,2021-01-17,0,0,0
"RHONDDA,_CYNON,_TAFF",2021-01-10,6,16,0.2727272727272727
"RHONDDA,_CYNON,_TAFF",2021-01-03,14,36,0.28
"RHONDDA,_CYNON,_TAFF",2020-12-20,4,61,0.06153846153846154
"RHONDDA,_CYNON,_TAFF",2020-12-13,6,204,0.02857142857142857
"RHONDDA,_CYNON,_TAFF",2020-12-06,1,150,0.006622516556291391
"RHONDDA,_CYNON,_TAFF",2020-11-29,0,73,0
"RHONDDA,_CYNON,_TAFF",2020-10-04,0,134,0
"RHONDDA,_CYNON,_TAFF",2020-11-15,0,39,0
"RHONDDA,_CYNON,_TAFF",2020-11-08,0,118,0
"RHONDDA,_CYNON,_TAFF",2020-10-18,0,119,0
"RHONDDA,_CYNON,_TAFF",2020-11-01,0,188,0
"RHONDDA,_CYNON,_TAFF",2020-10-11,0,84,0
"RHONDDA,_CYNON,_TAFF",2020-09-20,0,136,0
"RHONDDA,_CYNON,_TAFF",2020-09-27,0,85,0
"RHONDDA,_CYNON,_TAFF",2020-08-30,0,14,0
"RHONDDA,_CYNON,_TAFF",2020-09-13,0,93,0
"RHONDDA,_CYNON,_TAFF",2020-09-06,0,48,0
"RHONDDA,_CYNON,_TAFF",2020-12-27,20,70,0.2222222222222222
"RHONDDA,_CYNON,_TAFF",2020-11-22,0,70,0
"RHONDDA,_CYNON,_TAFF",2020-10-25,0,136,0
"RHONDDA,_CYNON,_TAFF",2021-01-17,0,0,0
SCOTTISH_BORDERS,2021-01-10,3,7,0.3
SCOTTISH_BORDERS,2021-01-03,14,19,0.42424242424242425
SCOTTISH_BORDERS,2020-12-20,3,2,0.6
SCOTTISH_BORDERS,2020-12-13,0,0,0
SCOTTISH_BORDERS,2020-12-06,0,1,0
SCOTTISH_BORDERS,2020-11-29,0,0,0
SCOTTISH_BORDERS,2020-10-04,0,7,0
SCOTTISH_BORDERS,2020-11-15,0,0,0
SCOTTISH_BORDERS,2020-11-08,0,4,0
SCOTTISH_BORDERS,2020-10-18,0,5,0
SCOTTISH_BORDERS,2020-11-01,0,2,0
SCOTTISH_BORDERS,2020-10-11,0,1,0
SCOTTISH_BORDERS,2020-09-20,0,3,0
SCOTTISH_BORDERS,2020-09-27,0,8,0
SCOTTISH_BORDERS,2020-08-30,0,3,0
SCOTTISH_BORDERS,2020-09-13,0,5,0
SCOTTISH_BORDERS,2020-09-06,0,8,0
SCOTTISH_BORDERS,2020-12-27,2,4,0.3333333333333333
SCOTTISH_BORDERS,2020-11-22,0,0,0
SCOTTISH_BORDERS,2020-10-25,0,17,0
SCOTTISH_BORDERS,2021-01-17,0,0,0
SHETLAND_ISLANDS,2021-01-10,0,0,0
SHETLAND_ISLANDS,2021-01-03,0,0,0
SHETLAND_ISLANDS,2020-12-20,0,0,0
SHETLAND_ISLANDS,2020-12-13,0,0,0
SHETLAND_ISLANDS,2020-12-06,0,0,0
SHETLAND_ISLANDS,2020-11-29,0,0,0
SHETLAND_ISLANDS,2020-10-04,0,0,0
SHETLAND_ISLANDS,2020-11-15,0,0,0
SHETLAND_ISLANDS,2020-11-08,0,0,0
SHETLAND_ISLANDS,2020-10-18,0,1,0
SHETLAND_ISLANDS,2020-11-01,0,1,0
SHETLAND_ISLANDS,2020-10-11,0,1,0
SHETLAND_ISLANDS,2020-09-20,0,0,0
SHETLAND_ISLANDS,2020-09-27,0,0,0
SHETLAND_ISLANDS,2020-08-30,0,0,0
SHETLAND_ISLANDS,2020-09-13,0,0,0
SHETLAND_ISLANDS,2020-09-06,0,0,0
SHETLAND_ISLANDS,2020-12-27,0,0,0
SHETLAND_ISLANDS,2020-11-22,0,0,0
SHETLAND_ISLANDS,2020-10-25,0,1,0
SHETLAND_ISLANDS,2021-01-17,0,0,0
SHROPSHIRE,2021-01-10,10,3,0.7692307692307693
SHROPSHIRE,2021-01-03,38,14,0.7307692307692307
SHROPSHIRE,2020-12-20,2,6,0.25
SHROPSHIRE,2020-12-13,5,20,0.2
SHROPSHIRE,2020-12-06,0,28,0
SHROPSHIRE,2020-11-29,0,2,0
SHROPSHIRE,2020-10-04,0,18,0
SHROPSHIRE,2020-11-15,0,42,0
SHROPSHIRE,2020-11-08,0,60,0
SHROPSHIRE,2020-10-18,0,29,0
SHROPSHIRE,2020-11-01,0,62,0
SHROPSHIRE,2020-10-11,0,24,0
SHROPSHIRE,2020-09-20,0,11,0
SHROPSHIRE,2020-09-27,0,2,0
SHROPSHIRE,2020-08-30,0,3,0
SHROPSHIRE,2020-09-13,0,9,0
SHROPSHIRE,2020-09-06,0,7,0
SHROPSHIRE,2020-12-27,37,27,0.578125
SHROPSHIRE,2020-11-22,0,4,0
SHROPSHIRE,2020-10-25,0,37,0
SHROPSHIRE,2021-01-17,0,0,0
SOMERSET,2021-01-10,9,3,0.75
SOMERSET,2021-01-03,23,10,0.696969696969697
SOMERSET,2020-12-20,9,15,0.375
SOMERSET,2020-12-13,13,17,0.43333333333333335
SOMERSET,2020-12-06,3,10,0.23076923076923078
SOMERSET,2020-11-29,6,2,0.75
SOMERSET,2020-10-04,0,23,0
SOMERSET,2020-11-15,0,5,0
SOMERSET,2020-11-08,2,25,0.07407407407407407
SOMERSET,2020-10-18,0,26,0
SOMERSET,2020-11-01,0,13,0
SOMERSET,2020-10-11,0,17,0
SOMERSET,2020-09-20,0,31,0
SOMERSET,2020-09-27,0,15,0
SOMERSET,2020-08-30,0,4,0
SOMERSET,2020-09-13,0,8,0
SOMERSET,2020-09-06,0,13,0
SOMERSET,2020-12-27,10,5,0.6666666666666666
SOMERSET,2020-11-22,3,6,0.3333333333333333
SOMERSET,2020-10-25,0,17,0
SOMERSET,2021-01-17,0,0,0
SOUTH_AYRSHIRE,2021-01-10,0,0,0
SOUTH_AYRSHIRE,2021-01-03,1,2,0.3333333333333333
SOUTH_AYRSHIRE,2020-12-20,0,5,0
SOUTH_AYRSHIRE,2020-12-13,1,1,0.5
SOUTH_AYRSHIRE,2020-12-06,1,6,0.14285714285714285
SOUTH_AYRSHIRE,2020-11-29,0,0,0
SOUTH_AYRSHIRE,2020-10-04,0,12,0
SOUTH_AYRSHIRE,2020-11-15,0,0,0
SOUTH_AYRSHIRE,2020-11-08,0,3,0
SOUTH_AYRSHIRE,2020-10-18,0,12,0
SOUTH_AYRSHIRE,2020-11-01,0,21,0
SOUTH_AYRSHIRE,2020-10-11,0,5,0
SOUTH_AYRSHIRE,2020-09-20,0,5,0
SOUTH_AYRSHIRE,2020-09-27,0,12,0
SOUTH_AYRSHIRE,2020-08-30,0,6,0
SOUTH_AYRSHIRE,2020-09-13,0,5,0
SOUTH_AYRSHIRE,2020-09-06,0,8,0
SOUTH_AYRSHIRE,2020-12-27,1,0,1
SOUTH_AYRSHIRE,2020-11-22,0,0,0
SOUTH_AYRSHIRE,2020-10-25,0,11,0
SOUTH_AYRSHIRE,2021-01-17,0,0,0
SOUTH_LANARKSHIRE,2021-01-10,3,1,0.75
SOUTH_LANARKSHIRE,2021-01-03,8,5,0.6153846153846154
SOUTH_LANARKSHIRE,2020-12-20,1,12,0.07692307692307693
SOUTH_LANARKSHIRE,2020-12-13,2,17,0.10526315789473684
SOUTH_LANARKSHIRE,2020-12-06,1,20,0.047619047619047616
SOUTH_LANARKSHIRE,2020-11-29,1,16,0.058823529411764705
SOUTH_LANARKSHIRE,2020-10-04,0,71,0
SOUTH_LANARKSHIRE,2020-11-15,0,6,0
SOUTH_LANARKSHIRE,2020-11-08,0,12,0
SOUTH_LANARKSHIRE,2020-10-18,0,58,0
SOUTH_LANARKSHIRE,2020-11-01,0,16,0
SOUTH_LANARKSHIRE,2020-10-11,0,23,0
SOUTH_LANARKSHIRE,2020-09-20,0,56,0
SOUTH_LANARKSHIRE,2020-09-27,0,74,0
SOUTH_LANARKSHIRE,2020-08-30,0,13,0
SOUTH_LANARKSHIRE,2020-09-13,0,16,0
SOUTH_LANARKSHIRE,2020-09-06,0,32,0
SOUTH_LANARKSHIRE,2020-12-27,3,3,0.5
SOUTH_LANARKSHIRE,2020-11-22,0,4,0
SOUTH_LANARKSHIRE,2020-10-25,0,50,0
SOUTH_LANARKSHIRE,2021-01-17,0,0,0
SOUTH_YORKSHIRE,2021-01-10,80,54,0.5970149253731343
SOUTH_YORKSHIRE,2021-01-03,147,144,0.5051546391752577
SOUTH_YORKSHIRE,2020-12-20,27,172,0.135678391959799
SOUTH_YORKSHIRE,2020-12-13,26,250,0.09420289855072464
SOUTH_YORKSHIRE,2020-12-06,9,279,0.03125
SOUTH_YORKSHIRE,2020-11-29,1,131,0.007575757575757576
SOUTH_YORKSHIRE,2020-10-04,0,331,0
SOUTH_YORKSHIRE,2020-11-15,0,100,0
SOUTH_YORKSHIRE,2020-11-08,1,384,0.0025974025974025974
SOUTH_YORKSHIRE,2020-10-18,0,285,0
SOUTH_YORKSHIRE,2020-11-01,0,264,0
SOUTH_YORKSHIRE,2020-10-11,0,371,0
SOUTH_YORKSHIRE,2020-09-20,0,184,0
SOUTH_YORKSHIRE,2020-09-27,0,167,0
SOUTH_YORKSHIRE,2020-08-30,0,19,0
SOUTH_YORKSHIRE,2020-09-13,0,136,0
SOUTH_YORKSHIRE,2020-09-06,0,92,0
SOUTH_YORKSHIRE,2020-12-27,81,148,0.3537117903930131
SOUTH_YORKSHIRE,2020-11-22,0,142,0
SOUTH_YORKSHIRE,2020-10-25,0,233,0
SOUTH_YORKSHIRE,2021-01-17,33,22,0.6
STAFFORDSHIRE,2021-01-10,40,31,0.5633802816901409
STAFFORDSHIRE,2021-01-03,65,47,0.5803571428571429
STAFFORDSHIRE,2020-12-20,16,49,0.24615384615384617
STAFFORDSHIRE,2020-12-13,25,67,0.2717391304347826
STAFFORDSHIRE,2020-12-06,12,91,0.11650485436893204
STAFFORDSHIRE,2020-11-29,0,18,0
STAFFORDSHIRE,2020-10-04,0,52,0
STAFFORDSHIRE,2020-11-15,1,86,0.011494252873563218
STAFFORDSHIRE,2020-11-08,1,302,0.0033003300330033004
STAFFORDSHIRE,2020-10-18,0,81,0
STAFFORDSHIRE,2020-11-01,3,199,0.01485148514851485
STAFFORDSHIRE,2020-10-11,0,104,0
STAFFORDSHIRE,2020-09-20,0,29,0
STAFFORDSHIRE,2020-09-27,0,10,0
STAFFORDSHIRE,2020-08-30,0,13,0
STAFFORDSHIRE,2020-09-13,0,24,0
STAFFORDSHIRE,2020-09-06,0,24,0
STAFFORDSHIRE,2020-12-27,54,46,0.54
STAFFORDSHIRE,2020-11-22,1,57,0.017241379310344827
STAFFORDSHIRE,2020-10-25,1,120,0.008264462809917356
STAFFORDSHIRE,2021-01-17,0,0,0
ANGLESEY,2021-01-10,1,0,1
ANGLESEY,2021-01-03,6,6,0.5
ANGLESEY,2020-12-20,3,1,0.75
ANGLESEY,2020-12-13,0,8,0
ANGLESEY,2020-12-06,0,1,0
ANGLESEY,2020-11-29,0,2,0
ANGLESEY,2020-10-04,0,7,0
ANGLESEY,2020-11-15,0,4,0
ANGLESEY,2020-11-08,0,5,0
ANGLESEY,2020-10-18,0,19,0
ANGLESEY,2020-11-01,0,15,0
ANGLESEY,2020-10-11,0,5,0
ANGLESEY,2020-09-20,0,1,0
ANGLESEY,2020-09-27,0,1,0
ANGLESEY,2020-08-30,0,0,0
ANGLESEY,2020-09-13,0,5,0
ANGLESEY,2020-09-06,0,1,0
ANGLESEY,2020-12-27,12,3,0.8
ANGLESEY,2020-11-22,0,7,0
ANGLESEY,2020-10-25,0,8,0
ANGLESEY,2021-01-17,0,0,0
STIRLING,2021-01-10,0,0,0
STIRLING,2021-01-03,2,1,0.6666666666666666
STIRLING,2020-12-20,0,1,0
STIRLING,2020-12-13,1,3,0.25
STIRLING,2020-12-06,0,1,0
STIRLING,2020-11-29,0,1,0
STIRLING,2020-10-04,0,9,0
STIRLING,2020-11-15,0,0,0
STIRLING,2020-11-08,0,6,0
STIRLING,2020-10-18,0,4,0
STIRLING,2020-11-01,0,1,0
STIRLING,2020-10-11,0,2,0
STIRLING,2020-09-20,0,10,0
STIRLING,2020-09-27,0,9,0
STIRLING,2020-08-30,0,2,0
STIRLING,2020-09-13,0,7,0
STIRLING,2020-09-06,0,1,0
STIRLING,2020-12-27,0,1,0
STIRLING,2020-11-22,0,3,0
STIRLING,2020-10-25,0,0,0
STIRLING,2021-01-17,0,0,0
SUFFOLK,2021-01-10,51,10,0.8360655737704918
SUFFOLK,2021-01-03,36,17,0.6792452830188679
SUFFOLK,2020-12-20,5,31,0.1388888888888889
SUFFOLK,2020-12-13,35,60,0.3684210526315789
SUFFOLK,2020-12-06,7,48,0.12727272727272726
SUFFOLK,2020-11-29,3,24,0.1111111111111111
SUFFOLK,2020-10-04,0,27,0
SUFFOLK,2020-11-15,5,79,0.05952380952380952
SUFFOLK,2020-11-08,6,115,0.049586776859504134
SUFFOLK,2020-10-18,0,56,0
SUFFOLK,2020-11-01,1,127,0.0078125
SUFFOLK,2020-10-11,0,56,0
SUFFOLK,2020-09-20,0,11,0
SUFFOLK,2020-09-27,0,24,0
SUFFOLK,2020-08-30,0,8,0
SUFFOLK,2020-09-13,0,3,0
SUFFOLK,2020-09-06,0,13,0
SUFFOLK,2020-12-27,27,16,0.627906976744186
SUFFOLK,2020-11-22,2,55,0.03508771929824561
SUFFOLK,2020-10-25,1,48,0.02040816326530612
SUFFOLK,2021-01-17,0,0,0
SURREY,2021-01-10,5,2,0.7142857142857143
SURREY,2021-01-03,79,12,0.8681318681318682
SURREY,2020-12-20,46,11,0.8070175438596491
SURREY,2020-12-13,103,34,0.7518248175182481
SURREY,2020-12-06,25,16,0.6097560975609756
SURREY,2020-11-29,9,3,0.75
SURREY,2020-10-04,0,58,0
SURREY,2020-11-15,14,50,0.21875
SURREY,2020-11-08,13,100,0.11504424778761062
SURREY,2020-10-18,3,81,0.03571428571428571
SURREY,2020-11-01,2,107,0.01834862385321101
SURREY,2020-10-11,0,72,0
SURREY,2020-09-20,0,38,0
SURREY,2020-09-27,0,29,0
SURREY,2020-08-30,0,36,0
SURREY,2020-09-13,0,15,0
SURREY,2020-09-06,0,37,0
SURREY,2020-12-27,108,21,0.8372093023255814
SURREY,2020-11-22,0,2,0
SURREY,2020-10-25,3,72,0.04
SURREY,2021-01-17,0,0,0
SWANSEA,2021-01-10,7,9,0.4375
SWANSEA,2021-01-03,19,51,0.2714285714285714
SWANSEA,2020-12-20,13,90,0.1262135922330097
SWANSEA,2020-12-13,10,179,0.05291005291005291
SWANSEA,2020-12-06,1,152,0.006535947712418301
SWANSEA,2020-11-29,0,119,0
SWANSEA,2020-10-04,0,48,0
SWANSEA,2020-11-15,0,100,0
SWANSEA,2020-11-08,0,81,0
SWANSEA,2020-10-18,0,140,0
SWANSEA,2020-11-01,0,126,0
SWANSEA,2020-10-11,0,55,0
SWANSEA,2020-09-20,0,74,0
SWANSEA,2020-09-27,0,49,0
SWANSEA,2020-08-30,0,6,0
SWANSEA,2020-09-13,0,20,0
SWANSEA,2020-09-06,0,4,0
SWANSEA,2020-12-27,2,38,0.05
SWANSEA,2020-11-22,0,94,0
SWANSEA,2020-10-25,0,107,0
SWANSEA,2021-01-17,0,0,0
WILTSHIRE,2021-01-10,1,0,1
WILTSHIRE,2021-01-03,40,9,0.8163265306122449
WILTSHIRE,2020-12-20,12,9,0.5714285714285714
WILTSHIRE,2020-12-13,12,11,0.5217391304347826
WILTSHIRE,2020-12-06,8,12,0.4
WILTSHIRE,2020-11-29,0,3,0
WILTSHIRE,2020-10-04,0,17,0
WILTSHIRE,2020-11-15,0,6,0
WILTSHIRE,2020-11-08,0,20,0
WILTSHIRE,2020-10-18,0,31,0
WILTSHIRE,2020-11-01,0,2,0
WILTSHIRE,2020-10-11,0,14,0
WILTSHIRE,2020-09-20,0,16,0
WILTSHIRE,2020-09-27,0,8,0
WILTSHIRE,2020-08-30,0,17,0
WILTSHIRE,2020-09-13,0,5,0
WILTSHIRE,2020-09-06,0,6,0
WILTSHIRE,2020-12-27,24,14,0.631578947368421
WILTSHIRE,2020-11-22,0,5,0
WILTSHIRE,2020-10-25,0,11,0
WILTSHIRE,2021-01-17,0,0,0
TORFAEN,2021-01-10,0,6,0
TORFAEN,2021-01-03,6,26,0.1875
TORFAEN,2020-12-20,2,28,0.06666666666666667
TORFAEN,2020-12-13,9,49,0.15517241379310345
TORFAEN,2020-12-06,2,68,0.02857142857142857
TORFAEN,2020-11-29,0,43,0
TORFAEN,2020-10-04,0,5,0
TORFAEN,2020-11-15,0,43,0
TORFAEN,2020-11-08,0,29,0
TORFAEN,2020-10-18,0,41,0
TORFAEN,2020-11-01,0,35,0
TORFAEN,2020-10-11,0,13,0
TORFAEN,2020-09-20,0,9,0
TORFAEN,2020-09-27,0,10,0
TORFAEN,2020-08-30,0,2,0
TORFAEN,2020-09-13,0,3,0
TORFAEN,2020-09-06,0,6,0
TORFAEN,2020-12-27,9,16,0.36
TORFAEN,2020-11-22,0,78,0
TORFAEN,2020-10-25,0,50,0
TORFAEN,2021-01-17,0,0,0
VALE_OF_GLAMORGAN,2021-01-10,12,19,0.3870967741935484
VALE_OF_GLAMORGAN,2021-01-03,25,29,0.46296296296296297
VALE_OF_GLAMORGAN,2020-12-20,8,40,0.16666666666666666
VALE_OF_GLAMORGAN,2020-12-13,8,86,0.0851063829787234
VALE_OF_GLAMORGAN,2020-12-06,6,45,0.11764705882352941
VALE_OF_GLAMORGAN,2020-11-29,6,46,0.11538461538461539
VALE_OF_GLAMORGAN,2020-10-04,0,15,0
VALE_OF_GLAMORGAN,2020-11-15,2,31,0.06060606060606061
VALE_OF_GLAMORGAN,2020-11-08,0,27,0
VALE_OF_GLAMORGAN,2020-10-18,0,14,0
VALE_OF_GLAMORGAN,2020-11-01,0,33,0
VALE_OF_GLAMORGAN,2020-10-11,0,9,0
VALE_OF_GLAMORGAN,2020-09-20,0,24,0
VALE_OF_GLAMORGAN,2020-09-27,0,10,0
VALE_OF_GLAMORGAN,2020-08-30,0,3,0
VALE_OF_GLAMORGAN,2020-09-13,0,11,0
VALE_OF_GLAMORGAN,2020-09-06,0,2,0
VALE_OF_GLAMORGAN,2020-12-27,25,39,0.390625
VALE_OF_GLAMORGAN,2020-11-22,1,22,0.043478260869565216
VALE_OF_GLAMORGAN,2020-10-25,0,21,0
VALE_OF_GLAMORGAN,2021-01-17,0,0,0
WARWICKSHIRE,2021-01-10,10,3,0.7692307692307693
WARWICKSHIRE,2021-01-03,41,20,0.6721311475409836
WARWICKSHIRE,2020-12-20,13,7,0.65
WARWICKSHIRE,2020-12-13,3,13,0.1875
WARWICKSHIRE,2020-12-06,4,28,0.125
WARWICKSHIRE,2020-11-29,1,1,0.5
WARWICKSHIRE,2020-10-04,0,24,0
WARWICKSHIRE,2020-11-15,0,39,0
WARWICKSHIRE,2020-11-08,0,62,0
WARWICKSHIRE,2020-10-18,0,61,0
WARWICKSHIRE,2020-11-01,0,54,0
WARWICKSHIRE,2020-10-11,0,20,0
WARWICKSHIRE,2020-09-20,0,23,0
WARWICKSHIRE,2020-09-27,0,11,0
WARWICKSHIRE,2020-08-30,0,6,0
WARWICKSHIRE,2020-09-13,0,29,0
WARWICKSHIRE,2020-09-06,0,16,0
WARWICKSHIRE,2020-12-27,21,6,0.7777777777777778
WARWICKSHIRE,2020-11-22,1,10,0.09090909090909091
WARWICKSHIRE,2020-10-25,0,17,0
WARWICKSHIRE,2021-01-17,0,0,0
WEST_DUNBARTONSHIRE,2021-01-10,0,0,0
WEST_DUNBARTONSHIRE,2021-01-03,1,1,0.5
WEST_DUNBARTONSHIRE,2020-12-20,4,3,0.5714285714285714
WEST_DUNBARTONSHIRE,2020-12-13,6,2,0.75
WEST_DUNBARTONSHIRE,2020-12-06,2,2,0.5
WEST_DUNBARTONSHIRE,2020-11-29,1,4,0.2
WEST_DUNBARTONSHIRE,2020-10-04,0,13,0
WEST_DUNBARTONSHIRE,2020-11-15,0,7,0
WEST_DUNBARTONSHIRE,2020-11-08,1,5,0.16666666666666666
WEST_DUNBARTONSHIRE,2020-10-18,0,9,0
WEST_DUNBARTONSHIRE,2020-11-01,0,9,0
WEST_DUNBARTONSHIRE,2020-10-11,0,11,0
WEST_DUNBARTONSHIRE,2020-09-20,0,13,0
WEST_DUNBARTONSHIRE,2020-09-27,0,31,0
WEST_DUNBARTONSHIRE,2020-08-30,0,18,0
WEST_DUNBARTONSHIRE,2020-09-13,0,20,0
WEST_DUNBARTONSHIRE,2020-09-06,0,16,0
WEST_DUNBARTONSHIRE,2020-12-27,2,4,0.3333333333333333
WEST_DUNBARTONSHIRE,2020-11-22,0,6,0
WEST_DUNBARTONSHIRE,2020-10-25,0,10,0
WEST_DUNBARTONSHIRE,2021-01-17,0,0,0
WEST_LOTHIAN,2021-01-10,0,0,0
WEST_LOTHIAN,2021-01-03,3,4,0.42857142857142855
WEST_LOTHIAN,2020-12-20,1,7,0.125
WEST_LOTHIAN,2020-12-13,2,6,0.25
WEST_LOTHIAN,2020-12-06,0,14,0
WEST_LOTHIAN,2020-11-29,0,5,0
WEST_LOTHIAN,2020-10-04,0,18,0
WEST_LOTHIAN,2020-11-15,0,10,0
WEST_LOTHIAN,2020-11-08,0,3,0
WEST_LOTHIAN,2020-10-18,0,61,0
WEST_LOTHIAN,2020-11-01,0,37,0
WEST_LOTHIAN,2020-10-11,0,32,0
WEST_LOTHIAN,2020-09-20,0,13,0
WEST_LOTHIAN,2020-09-27,0,50,0
WEST_LOTHIAN,2020-08-30,0,1,0
WEST_LOTHIAN,2020-09-13,0,12,0
WEST_LOTHIAN,2020-09-06,0,1,0
WEST_LOTHIAN,2020-12-27,1,1,0.5
WEST_LOTHIAN,2020-11-22,0,12,0
WEST_LOTHIAN,2020-10-25,0,49,0
WEST_LOTHIAN,2021-01-17,0,0,0
WEST_MIDLANDS,2021-01-10,138,15,0.9019607843137255
WEST_MIDLANDS,2021-01-03,427,104,0.8041431261770244
WEST_MIDLANDS,2020-12-20,100,108,0.4807692307692308
WEST_MIDLANDS,2020-12-13,96,165,0.367816091954023
WEST_MIDLANDS,2020-12-06,54,268,0.16770186335403728
WEST_MIDLANDS,2020-11-29,4,59,0.06349206349206349
WEST_MIDLANDS,2020-10-04,0,293,0
WEST_MIDLANDS,2020-11-15,3,429,0.006944444444444444
WEST_MIDLANDS,2020-11-08,1,637,0.001567398119122257
WEST_MIDLANDS,2020-10-18,0,305,0
WEST_MIDLANDS,2020-11-01,0,498,0
WEST_MIDLANDS,2020-10-11,0,221,0
WEST_MIDLANDS,2020-09-20,0,380,0
WEST_MIDLANDS,2020-09-27,0,107,0
WEST_MIDLANDS,2020-08-30,0,65,0
WEST_MIDLANDS,2020-09-13,0,190,0
WEST_MIDLANDS,2020-09-06,0,164,0
WEST_MIDLANDS,2020-12-27,204,99,0.6732673267326733
WEST_MIDLANDS,2020-11-22,2,71,0.0273972602739726
WEST_MIDLANDS,2020-10-25,0,325,0
WEST_MIDLANDS,2021-01-17,0,0,0
WORCESTERSHIRE,2021-01-10,37,3,0.925
WORCESTERSHIRE,2021-01-03,35,14,0.7142857142857143
WORCESTERSHIRE,2020-12-20,8,10,0.4444444444444444
WORCESTERSHIRE,2020-12-13,5,16,0.23809523809523808
WORCESTERSHIRE,2020-12-06,4,12,0.25
WORCESTERSHIRE,2020-11-29,1,7,0.125
WORCESTERSHIRE,2020-10-04,0,22,0
WORCESTERSHIRE,2020-11-15,0,30,0
WORCESTERSHIRE,2020-11-08,1,57,0.017241379310344827
WORCESTERSHIRE,2020-10-18,0,29,0
WORCESTERSHIRE,2020-11-01,0,42,0
WORCESTERSHIRE,2020-10-11,0,30,0
WORCESTERSHIRE,2020-09-20,0,39,0
WORCESTERSHIRE,2020-09-27,0,4,0
WORCESTERSHIRE,2020-08-30,0,5,0
WORCESTERSHIRE,2020-09-13,0,10,0
WORCESTERSHIRE,2020-09-06,0,8,0
WORCESTERSHIRE,2020-12-27,19,6,0.76
WORCESTERSHIRE,2020-11-22,0,6,0
WORCESTERSHIRE,2020-10-25,0,34,0
WORCESTERSHIRE,2021-01-17,0,0,0
